"go_id","hgnc_symbol"
"GO:0001504","SLC1A6"
"GO:0001504","SLC1A7"
"GO:0001504","SLC6A11"
"GO:0001504","SLC6A3"
"GO:0001504","SLC6A5"
"GO:0001504","SLC6A9"
"GO:0007416","ADD2"
"GO:0007416","ADGRL3"
"GO:0007416","CADM1"
"GO:0007416","CDH9"
"GO:0007416","ERBB4"
"GO:0007416","NRG3"
"GO:0007416","NRXN1"
"GO:0007416","SYDE1;SYDE2"
"GO:0007416","TRAF6"
"GO:0008039","PLXND1"
"GO:0008039","SEMA3A"
"GO:0008039","YWHAZ"
"GO:0008089","KIF21A"
"GO:0008089","KIF2A"
"GO:0008089","RAB21"
"GO:0010807","BRSK1"
"GO:0010807","NAPA"
"GO:0010807","NAPB"
"GO:0010807","OSBPL2"
"GO:0010807","STXBP5"
"GO:0010807","SYNGR3"
"GO:0010807","SYP"
"GO:0016079","MCTP2;MCTP1"
"GO:0016079","OTOF"
"GO:0016079","PPFIA3"
"GO:0016079","RELN"
"GO:0016079","SNAP25"
"GO:0016079","STX1A"
"GO:0016079","STX1B"
"GO:0016079","STX3"
"GO:0016079","UNC13A"
"GO:0016079","UNC13B"
"GO:0016079","UNC13C"
"GO:0016079","VAMP2"
"GO:0016079","VAMP7"
"GO:0016081","CTBP2"
"GO:0016081","PPFIA3"
"GO:0016081","RIMS1"
"GO:0016081","RIMS2"
"GO:0016081","VAMP2"
"GO:0016082","CADPS"
"GO:0016082","CADPS2"
"GO:0016082","EFR3A"
"GO:0016082","ERC1"
"GO:0016082","ERC2"
"GO:0016082","NAPA"
"GO:0016082","OTOF"
"GO:0016082","RIMS1"
"GO:0016082","RIMS2"
"GO:0016082","RPH3A"
"GO:0016082","STXBP1"
"GO:0016082","SV2A"
"GO:0016082","VAMP1"
"GO:0016182","AP1G1"
"GO:0016182","AP1S2"
"GO:0016182","AP3D1"
"GO:0016182","BTBD8"
"GO:0016189","STX12"
"GO:0016189","STX6"
"GO:0016189","STX7"
"GO:0016189","VAMP4"
"GO:0016189","VTI1A"
"GO:0016191","DNAJC6"
"GO:0016191","HSPA8"
"GO:0016191","SYNJ1"
"GO:0031629","STX1B"
"GO:0031630","CPLX1"
"GO:0031630","CPLX2"
"GO:0031630","CPLX3"
"GO:0031630","RAB3A"
"GO:0031630","VAMP1"
"GO:0042135","ACHE"
"GO:0042135","COMT"
"GO:0042136","GAD1"
"GO:0042136","GAD2"
"GO:0048488","AMPH"
"GO:0048488","AP1G1"
"GO:0048488","AP2A1"
"GO:0048488","AP2A1;AP2A2"
"GO:0048488","AP2A2"
"GO:0048488","AP2B1"
"GO:0048488","AP2M1"
"GO:0048488","AP2S1"
"GO:0048488","AP3B2"
"GO:0048488","AP3M2"
"GO:0048488","ARF6"
"GO:0048488","ATP8A1"
"GO:0048488","BIN1"
"GO:0048488","BTBD8"
"GO:0048488","CACFD1"
"GO:0048488","CANX"
"GO:0048488","CAPN2"
"GO:0048488","CLTA"
"GO:0048488","CLTB"
"GO:0048488","CLTC"
"GO:0048488","CTBP1"
"GO:0048488","DENND1A"
"GO:0048488","DIAPH1"
"GO:0048488","DNM1"
"GO:0048488","DNM1L"
"GO:0048488","DNM2"
"GO:0048488","DNM3"
"GO:0048488","EHD1"
"GO:0048488","EPN1"
"GO:0048488","EPS15;EPS15L1"
"GO:0048488","EPS15L1"
"GO:0048488","FCHO2"
"GO:0048488","ITSN1"
"GO:0048488","PACSIN1"
"GO:0048488","PICALM"
"GO:0048488","PIK3C3"
"GO:0048488","RAB27B"
"GO:0048488","RAB5A"
"GO:0048488","SCRIB"
"GO:0048488","SGIP1"
"GO:0048488","SH3GL2"
"GO:0048488","SNAP91"
"GO:0048488","SNCA"
"GO:0048488","SNCB"
"GO:0048488","STON2"
"GO:0048488","SYNJ2"
"GO:0048490","KIF1A"
"GO:0048490","MADD"
"GO:0050804","ABR"
"GO:0050804","ADCY1"
"GO:0050804","ADCY8"
"GO:0050804","AKAP12"
"GO:0050804","AKAP7"
"GO:0050804","ARC"
"GO:0050804","ARHGAP44"
"GO:0050804","ARRB2"
"GO:0050804","BAIAP2"
"GO:0050804","BAIAP3"
"GO:0050804","BCR"
"GO:0050804","BTBD9"
"GO:0050804","CAMKV"
"GO:0050804","CDH11"
"GO:0050804","CDH2"
"GO:0050804","CDKL5"
"GO:0050804","CFL1"
"GO:0050804","CHMP2B"
"GO:0050804","CNTNAP4"
"GO:0050804","CPEB1"
"GO:0050804","CYP46A1"
"GO:0050804","DGKB"
"GO:0050804","DGKE"
"GO:0050804","DLGAP1"
"GO:0050804","DLGAP2"
"GO:0050804","DLGAP3"
"GO:0050804","DNM1"
"GO:0050804","EPHA7"
"GO:0050804","EPHB1"
"GO:0050804","FYN"
"GO:0050804","GABRR1"
"GO:0050804","GLRA2"
"GO:0050804","GNAI2"
"GO:0050804","GPER1"
"GO:0050804","GRM5"
"GO:0050804","HNRNPK"
"GO:0050804","IGSF8"
"GO:0050804","IQSEC2"
"GO:0050804","ITGB1"
"GO:0050804","JAK2"
"GO:0050804","KCNN2"
"GO:0050804","L1CAM"
"GO:0050804","LRFN2"
"GO:0050804","LRRC4"
"GO:0050804","LRRC4C"
"GO:0050804","LYPD6"
"GO:0050804","MAPK3"
"GO:0050804","MAPK8"
"GO:0050804","MAPK9"
"GO:0050804","MYO5B"
"GO:0050804","NCAM1"
"GO:0050804","NCAN"
"GO:0050804","NLGN4X"
"GO:0050804","NRG3"
"GO:0050804","NTNG1"
"GO:0050804","NTNG2"
"GO:0050804","NXPH1"
"GO:0050804","NXPH4"
"GO:0050804","P2RX3"
"GO:0050804","PACSIN2"
"GO:0050804","PAFAH1B1"
"GO:0050804","PCDH8"
"GO:0050804","PDE4A"
"GO:0050804","PFN1"
"GO:0050804","PFN2"
"GO:0050804","PLCB4"
"GO:0050804","PLCG1"
"GO:0050804","PLPPR4"
"GO:0050804","PPP1R9A"
"GO:0050804","PRKAR1B"
"GO:0050804","PRKAR2A"
"GO:0050804","PRKAR2B"
"GO:0050804","PTN"
"GO:0050804","PTPRA"
"GO:0050804","PTPRD"
"GO:0050804","PTPRS"
"GO:0050804","RGS14"
"GO:0050804","ROR2"
"GO:0050804","RPS6KB1"
"GO:0050804","RTN4"
"GO:0050804","SHANK1"
"GO:0050804","SHANK3"
"GO:0050804","SLC6A6"
"GO:0050804","STAT3"
"GO:0050804","STAU1"
"GO:0050804","STX3"
"GO:0050804","SYNGAP1"
"GO:0050804","SYNGR1"
"GO:0050804","SYNPR"
"GO:0050804","SYP"
"GO:0050804","TNR"
"GO:0050804","TRIO"
"GO:0050804","TRPC1"
"GO:0050804","TUBB2B"
"GO:0050804","UBE2I"
"GO:0050804","UBE3A"
"GO:0050804","VGF"
"GO:0050804","VPS35"
"GO:0050804","WNK1"
"GO:0050804","WNT3A"
"GO:0050804","WNT5A"
"GO:0050807","AGRN"
"GO:0050807","APOE"
"GO:0050807","ARF4"
"GO:0050807","CAMK1"
"GO:0050807","CDH8"
"GO:0050807","CNTNAP4"
"GO:0050807","CSNK2B"
"GO:0050807","CTTNBP2"
"GO:0050807","DAG1"
"GO:0050807","GPM6A"
"GO:0050807","MECP2"
"GO:0050807","NCKAP1"
"GO:0050807","NECTIN1"
"GO:0050807","PTPRO"
"GO:0050807","PTPRT"
"GO:0050807","RIMS3"
"GO:0050807","RIMS4"
"GO:0050807","SEMA3A"
"GO:0050807","SEPTIN11"
"GO:0050807","SLITRK1"
"GO:0050807","SLITRK2"
"GO:0050807","SLITRK4"
"GO:0050807","SPARC"
"GO:0050807","SPARCL1"
"GO:0050807","TUBA1A"
"GO:0050807","TUBB"
"GO:0050807","VCP"
"GO:0050807","WNT3A"
"GO:0050807","WNT5A"
"GO:0050808","ADGRL2"
"GO:0050808","ADGRL3"
"GO:0050808","APBB1"
"GO:0050808","CD2AP"
"GO:0050808","FLNA"
"GO:0050808","NBEA"
"GO:0050808","NFASC"
"GO:0050808","PTPRS"
"GO:0051580","ARL6IP5"
"GO:0051580","DRD2"
"GO:0051580","DRD3"
"GO:0051580","FLOT1"
"GO:0051580","SYNGR3"
"GO:0051963","CHD4"
"GO:0051963","CRTAC1"
"GO:0051963","CTNNB1"
"GO:0051963","ELAVL2"
"GO:0051963","EPHB2"
"GO:0051963","EXOC7"
"GO:0051963","ICAM5"
"GO:0051963","L1CAM"
"GO:0051963","LRRTM4"
"GO:0051963","NLGN4X"
"GO:0051963","NRG2"
"GO:0051963","NTN1"
"GO:0051963","OGT"
"GO:0051963","PODXL"
"GO:0051963","PPFIBP2"
"GO:0051963","RAP2A"
"GO:0051963","RTN4R"
"GO:0051963","SDC2"
"GO:0051963","SEMA4D"
"GO:0051963","SRCIN1"
"GO:0051963","SRGAP2"
"GO:0051963","SRGAP2B"
"GO:0051963","SRGAP2C"
"GO:0051963","SRPX2"
"GO:0051963","VLDLR"
"GO:0060074","ABL2"
"GO:0060074","BCAN"
"GO:0060074","LNX1"
"GO:0060074","PFN1"
"GO:0060074","ROBO2"
"GO:0060074","SLIT2"
"GO:0060074","VEZT"
"GO:0060078","ANO6"
"GO:0060078","CHRM1"
"GO:0060078","DPP6"
"GO:0060078","HCN1"
"GO:0060078","KCNIP1"
"GO:0060078","KCNIP2"
"GO:0060078","KCNIP3"
"GO:0060078","KCNT1"
"GO:0060078","NOS1"
"GO:0060078","NR3C2"
"GO:0060078","RGS7"
"GO:0060078","RGS7BP"
"GO:0090128","ADGRB3"
"GO:0090128","AGO2"
"GO:0090128","C1QL2"
"GO:0090128","CAMK2B"
"GO:0090128","CLSTN1"
"GO:0090128","CNTNAP1"
"GO:0090128","DAB1"
"GO:0090128","DLGAP4"
"GO:0090128","EXOC2"
"GO:0090128","FGF22"
"GO:0090128","FGF7"
"GO:0090128","IGSF9"
"GO:0090128","MDGA1"
"GO:0090128","MDGA2"
"GO:0090128","NEFL"
"GO:0090128","NRG2"
"GO:0090128","NRN1"
"GO:0090128","PAK1;PAK2;PAK3"
"GO:0090128","RELN"
"GO:0090128","ROCK1"
"GO:0090128","ROCK2"
"GO:0090128","SDC2"
"GO:0090128","SEMA7A"
"GO:0090128","SNX27"
"GO:0090128","VPS35"
"GO:0090128","YWHAZ"
"GO:0097091","ABI1;ABI2"
"GO:0097091","BSN"
"GO:0097091","CTBP1"
"GO:0097091","CTNNB1"
"GO:0097091","DOCK1"
"GO:0097091","PCLO"
"GO:0097091","SYN2"
"GO:0097091","SYN3"
"GO:0097104","EPHB2"
"GO:0097107","C1QL2"
"GO:0097107","C1QL3"
"GO:0097107","CSMD2"
"GO:0097107","FAM81A"
"GO:0097107","NPTX1"
"GO:0097107","NRXN3"
"GO:0097107","NTRK3"
"GO:0097401","ATP6AP1"
"GO:0097401","ATP6AP2"
"GO:0097401","ATP6V0A1"
"GO:0097401","ATP6V0A4"
"GO:0097401","ATP6V0B"
"GO:0097401","ATP6V0C"
"GO:0097401","ATP6V0D1"
"GO:0097401","ATP6V0E2"
"GO:0097401","ATP6V1A"
"GO:0097401","ATP6V1B1"
"GO:0097401","ATP6V1B2"
"GO:0097401","ATP6V1C1"
"GO:0097401","ATP6V1D"
"GO:0097401","ATP6V1E1"
"GO:0097401","ATP6V1F"
"GO:0097401","ATP6V1G1"
"GO:0097401","ATP6V1G2"
"GO:0097401","ATP6V1H"
"GO:0097401","CLCN3"
"GO:0098693","ARHGDIA"
"GO:0098693","BLOC1S1"
"GO:0098693","BLOC1S6"
"GO:0098693","BSN"
"GO:0098693","C9ORF72"
"GO:0098693","CASP3"
"GO:0098693","CDK5R1"
"GO:0098693","DNAJC5"
"GO:0098693","LPAR1"
"GO:0098693","NRXN1"
"GO:0098693","PLD1"
"GO:0098693","PLS3"
"GO:0098693","PPP3R1"
"GO:0098693","PRKAR1B"
"GO:0098693","PSEN1"
"GO:0098693","RAB3B"
"GO:0098693","RAPGEF4"
"GO:0098693","SCRN1"
"GO:0098693","SNAP29"
"GO:0098693","SYN1"
"GO:0098693","VPS18"
"GO:0098694","SLC2A4"
"GO:0098695","ITPR1"
"GO:0098696","ADAM10"
"GO:0098696","CACNA2D2"
"GO:0098696","CAMK2A"
"GO:0098696","CYLD"
"GO:0098696","DAG1"
"GO:0098696","EPB41L3"
"GO:0098696","EXOC4"
"GO:0098696","GABARAP"
"GO:0098696","GHSR"
"GO:0098696","GPC4"
"GO:0098696","GPC6"
"GO:0098696","GSK3B"
"GO:0098696","HRAS"
"GO:0098696","IQSEC2"
"GO:0098696","KALRN"
"GO:0098696","KIF2C"
"GO:0098696","MAGI2"
"GO:0098696","MAP2K1"
"GO:0098696","NBEA"
"GO:0098696","NETO2"
"GO:0098696","OGT"
"GO:0098696","OLFM1"
"GO:0098696","PAK1;PAK2;PAK3"
"GO:0098696","PRKCZ"
"GO:0098696","RAP1A"
"GO:0098696","RAPGEF4"
"GO:0098696","TMEM108"
"GO:0098696","TNIK"
"GO:0098696","TRAF6"
"GO:0098696","VPS26B"
"GO:0098698","CRK"
"GO:0098698","CRKL"
"GO:0098698","DOCK7"
"GO:0098698","NLGN1"
"GO:0098698","NLGN2"
"GO:0098698","NLGN3"
"GO:0098698","NTNG2"
"GO:0098699","PLS3"
"GO:0098700","SLC17A5"
"GO:0098700","SLC17A6"
"GO:0098700","SLC17A7"
"GO:0098700","SLC17A8"
"GO:0098700","SLC18A2"
"GO:0098700","SLC18A3"
"GO:0098700","SLC32A1"
"GO:0098810","SLC1A2"
"GO:0098810","SLC6A1"
"GO:0098810","SLC6A2"
"GO:0098810","SLC6A4"
"GO:0098810","SLC6A5"
"GO:0098872","GRM1"
"GO:0098879","GIT1"
"GO:0098879","MAGI2"
"GO:0098879","RAPSN"
"GO:0098880","ADGRL3"
"GO:0098880","CADM1"
"GO:0098880","HSPA8"
"GO:0098880","ITGB1"
"GO:0098880","ITGB3"
"GO:0098880","OPHN1"
"GO:0098880","SYNGAP1"
"GO:0098882","BSN"
"GO:0098882","CTBP2"
"GO:0098882","ERC1"
"GO:0098882","ERC2"
"GO:0098882","PCLO"
"GO:0098882","RIMBP2"
"GO:0098882","RIMS1"
"GO:0098882","RIMS2"
"GO:0098883","EPHA4"
"GO:0098884","AP2B1"
"GO:0098884","AP2M1"
"GO:0098884","AP2S1"
"GO:0098884","AP3M1"
"GO:0098884","CALY"
"GO:0098884","EPS15"
"GO:0098884","HUWE1"
"GO:0098884","MYO6"
"GO:0098884","RAB11FIP5"
"GO:0098884","RAB5A"
"GO:0098884","SH3GLB2"
"GO:0098884","TMUB1"
"GO:0098885","ABI3"
"GO:0098885","CABP1"
"GO:0098885","CAP1"
"GO:0098885","CFL1"
"GO:0098885","CTNNA2"
"GO:0098885","CTTN"
"GO:0098885","DIXDC1"
"GO:0098885","ITPKA"
"GO:0098885","PFN1"
"GO:0098885","PFN2"
"GO:0098885","SPTB"
"GO:0098885","WASF1"
"GO:0098885","WASF3"
"GO:0098887","GRIP1"
"GO:0098887","GRIP2"
"GO:0098887","NSG1"
"GO:0098887","RAB11A"
"GO:0098887","RAB8A"
"GO:0098887","SCRIB"
"GO:0098887","VAMP4"
"GO:0098887","VPS35"
"GO:0098919","CTNND2"
"GO:0098919","DLG1"
"GO:0098919","DLG2"
"GO:0098919","DLG3"
"GO:0098919","DLG4"
"GO:0098919","DLGAP1"
"GO:0098919","MAGI2"
"GO:0098919","MPP2"
"GO:0098919","PPFIA2"
"GO:0098919","SHANK1"
"GO:0098919","SHANK2"
"GO:0098919","SHANK3"
"GO:0098919","TANC2"
"GO:0098921","CNR1"
"GO:0098921","DAGLA"
"GO:0098921","FABP5"
"GO:0098925","GUCY1A1"
"GO:0098926","ARRB2"
"GO:0098926","NF1"
"GO:0098928","SIPA1L2"
"GO:0098930","ATG16L1"
"GO:0098930","ATG5"
"GO:0098930","TMEM230"
"GO:0098934","KIF21B"
"GO:0098935","KIF2A"
"GO:0098935","RABGEF1"
"GO:0098937","FLOT2"
"GO:0098937","KIF1A"
"GO:0098937","KIF3A"
"GO:0098937","RAB17"
"GO:0098939","WASF1"
"GO:0098942","CADM1"
"GO:0098942","DAG1"
"GO:0098942","FARP1"
"GO:0098942","TENM2"
"GO:0098943","AP3D1"
"GO:0098943","RAB7A"
"GO:0098962","AKAP9"
"GO:0098962","BEGAIN"
"GO:0098962","CACNG4"
"GO:0098962","CACNG5"
"GO:0098962","CACNG7"
"GO:0098962","CHRNA5"
"GO:0098962","CNIH2"
"GO:0098962","DLGAP2"
"GO:0098962","GPR39"
"GO:0098962","HOMER1"
"GO:0098962","HOMER3"
"GO:0098962","LRP8"
"GO:0098962","MAPK8IP1"
"GO:0098962","NETO1"
"GO:0098962","NETO2"
"GO:0098962","NOTCH1"
"GO:0098962","NPTX1"
"GO:0098962","NPTX2"
"GO:0098962","NPTXR"
"GO:0098962","NRXN2"
"GO:0098962","SHISA6"
"GO:0098962","SHISA7"
"GO:0098962","SHISA9"
"GO:0098962","SRC"
"GO:0098963","HNRNPU"
"GO:0098963","PURA"
"GO:0098963","SFPQ"
"GO:0098963","STAU1"
"GO:0098964","KIF5C"
"GO:0098964","STAU2"
"GO:0098967","SACM1L"
"GO:0098967","SNAP23"
"GO:0098967","SNAP47"
"GO:0098967","STX3"
"GO:0098967","STX4"
"GO:0098967","VAMP2"
"GO:0098968","MKLN1"
"GO:0098968","RAB4A"
"GO:0098969","CLSTN1"
"GO:0098969","MAPK10"
"GO:0098969","MYLK"
"GO:0098969","RAB8A"
"GO:0098969","SACM1L"
"GO:0098970","CACNG2"
"GO:0098970","SHISA6"
"GO:0098970","SLC12A5"
"GO:0098971","KIF17"
"GO:0098971","KIF3A"
"GO:0098971","KIF3B"
"GO:0098971","KIF5A"
"GO:0098971","KIFAP3"
"GO:0098971","SEPTIN9"
"GO:0098973","ACTB"
"GO:0098973","ACTG1"
"GO:0098973","ACTN2"
"GO:0098973","ACTN4"
"GO:0098973","CAMK2B"
"GO:0098973","DBNL"
"GO:0098974","ABI2"
"GO:0098974","ACTR3"
"GO:0098974","ADGRB1"
"GO:0098974","ARF1"
"GO:0098974","ARHGEF7"
"GO:0098974","CPNE6"
"GO:0098974","DBN1"
"GO:0098974","DBNL"
"GO:0098974","EZR"
"GO:0098974","FARP1"
"GO:0098974","FRMPD4"
"GO:0098974","MYH10"
"GO:0098974","NOS1AP"
"GO:0098974","PPP1R9A"
"GO:0098974","RAC1"
"GO:0098974","RAC3"
"GO:0098974","ROCK2"
"GO:0098974","SH3GL2"
"GO:0098974","SIPA1L1"
"GO:0098974","SRCIN1"
"GO:0098974","WASF2"
"GO:0098974","WASL"
"GO:0098987","KIF5B"
"GO:0098987","ZDHHC17"
"GO:0099010","ARHGAP44"
"GO:0099010","CTTN"
"GO:0099010","DLGAP3"
"GO:0099010","DLGAP4"
"GO:0099010","DRD1"
"GO:0099010","FILIP1"
"GO:0099010","RAP1B"
"GO:0099010","SARM1"
"GO:0099010","STAU1"
"GO:0099054","CADM1"
"GO:0099054","CNTN5"
"GO:0099054","DVL1"
"GO:0099054","EFNB1"
"GO:0099054","EFNB2"
"GO:0099054","FZD5"
"GO:0099054","NRXN1"
"GO:0099054","PPFIA1;PPFIA2;PPFIA3;PPFIA4"
"GO:0099054","PTPRD"
"GO:0099054","PTPRS"
"GO:0099054","RAPH1"
"GO:0099054","SDCBP"
"GO:0099072","AGAP3"
"GO:0099072","ALS2"
"GO:0099072","ATG5"
"GO:0099072","C22ORF39"
"GO:0099072","CACNG2"
"GO:0099072","CACNG8"
"GO:0099072","CAMK2G"
"GO:0099072","CLPTM1"
"GO:0099072","CNTNAP2"
"GO:0099072","CPT1C"
"GO:0099072","CSNK2A1"
"GO:0099072","CTNND1"
"GO:0099072","CTNND2"
"GO:0099072","DLG3"
"GO:0099072","DRD4"
"GO:0099072","DRD5"
"GO:0099072","EFNB2"
"GO:0099072","EPS8"
"GO:0099072","ERBIN"
"GO:0099072","FLOT2"
"GO:0099072","FRRS1L"
"GO:0099072","GRID1"
"GO:0099072","GRID2"
"GO:0099072","GRID2IP"
"GO:0099072","HSP90AA1"
"GO:0099072","IGSF11"
"GO:0099072","INPP4A"
"GO:0099072","KIF21B"
"GO:0099072","NINJ1"
"GO:0099072","NRXN3"
"GO:0099072","NSG2"
"GO:0099072","PDLIM4"
"GO:0099072","PHLDB2"
"GO:0099072","PORCN"
"GO:0099072","PPFIA1"
"GO:0099072","PRKCI"
"GO:0099072","PRKN"
"GO:0099072","RALBP1"
"GO:0099072","RAP2A"
"GO:0099072","SHROOM4"
"GO:0099072","SLC9A6"
"GO:0099072","SNX27"
"GO:0099072","SNX6"
"GO:0099072","SST"
"GO:0099072","STX12"
"GO:0099072","STX4"
"GO:0099072","SYT3"
"GO:0099072","TFRC"
"GO:0099072","YWHAE"
"GO:0099072","ZDHHC5"
"GO:0099084","AFDN"
"GO:0099084","CNKSR2"
"GO:0099084","INSYN1"
"GO:0099084","MYO9A"
"GO:0099088","TERF2"
"GO:0099089","MYO5A"
"GO:0099140","ABI1;ABI2"
"GO:0099140","ARHGEF7"
"GO:0099140","CAP2"
"GO:0099140","DAAM1"
"GO:0099140","PCLO"
"GO:0099140","PFN2"
"GO:0099140","TLN2"
"GO:0099145","CPLX1"
"GO:0099145","EPB41L1"
"GO:0099148","CAMK2A"
"GO:0099148","SEPTIN5"
"GO:0099148","STXBP5"
"GO:0099149","AKAP5"
"GO:0099149","ARC"
"GO:0099149","ATAD1"
"GO:0099149","CBLB"
"GO:0099149","DRD3"
"GO:0099149","DRD4"
"GO:0099149","EFNB2"
"GO:0099149","GSG1L"
"GO:0099149","HAP1"
"GO:0099149","HIP1"
"GO:0099149","HPCA"
"GO:0099149","IQSEC1"
"GO:0099149","ITGB3"
"GO:0099149","LPAR1"
"GO:0099149","LRP1"
"GO:0099149","MDM2"
"GO:0099149","MIB2"
"GO:0099149","NCDN"
"GO:0099149","NEDD4"
"GO:0099149","NEDD4L"
"GO:0099149","NRG1"
"GO:0099149","NUMB"
"GO:0099149","OPHN1"
"GO:0099149","PACSIN1"
"GO:0099149","PICK1"
"GO:0099149","PIKFYVE"
"GO:0099149","PIP5K1C"
"GO:0099149","PPP3R1"
"GO:0099149","RABEP1"
"GO:0099149","RALA"
"GO:0099149","RNF216"
"GO:0099149","RNF220"
"GO:0099149","RNF34"
"GO:0099149","SCRIB"
"GO:0099149","SIRT2"
"GO:0099149","SUSD4"
"GO:0099149","SYNE1"
"GO:0099149","SYNJ1"
"GO:0099149","SYT17"
"GO:0099149","TAMALIN"
"GO:0099149","TSPAN7"
"GO:0099149","USP46"
"GO:0099149","USP6"
"GO:0099149","VAC14"
"GO:0099150","ABL1"
"GO:0099150","ARHGEF9"
"GO:0099150","EEF1A1"
"GO:0099150","EEF1A2"
"GO:0099150","GAP43"
"GO:0099150","NPTXR"
"GO:0099150","NRXN1"
"GO:0099150","SPTBN2"
"GO:0099150","WNT5A"
"GO:0099151","APH1B"
"GO:0099151","CASKIN1"
"GO:0099151","CBLN1"
"GO:0099151","CRIPT"
"GO:0099151","FGFR1"
"GO:0099151","GRID2"
"GO:0099151","IL1RAP"
"GO:0099151","LATS1"
"GO:0099151","LRFN1"
"GO:0099151","LRFN4"
"GO:0099151","LRRC4B"
"GO:0099151","LRRTM1"
"GO:0099151","LRRTM2"
"GO:0099151","NLGN1"
"GO:0099151","NRXN1"
"GO:0099151","PHLDB2"
"GO:0099151","PRICKLE1"
"GO:0099151","PRICKLE2"
"GO:0099151","PTK2B"
"GO:0099151","PTPRD"
"GO:0099151","PTPRS"
"GO:0099151","SIPA1L1"
"GO:0099152","ARHGAP44"
"GO:0099152","GRIPAP1"
"GO:0099157","WLS"
"GO:0099158","GRIPAP1"
"GO:0099158","MYO5B"
"GO:0099159","AGAP1"
"GO:0099159","ANK3"
"GO:0099159","CAMKV"
"GO:0099159","CD44"
"GO:0099159","CDC42"
"GO:0099159","CHMP2B"
"GO:0099159","EGLN1"
"GO:0099159","GSK3B"
"GO:0099159","MRTFA"
"GO:0099159","MRTFB"
"GO:0099159","MYO5B"
"GO:0099159","NF1"
"GO:0099159","PDXP"
"GO:0099159","PHACTR1"
"GO:0099159","RAPGEF2"
"GO:0099159","RHOA"
"GO:0099159","RHOB"
"GO:0099159","SNX17"
"GO:0099159","STRN"
"GO:0099159","STRN4"
"GO:0099159","ZNF804A"
"GO:0099161","EVI5;EVI5L"
"GO:0099161","P2RX7"
"GO:0099161","PRKCE"
"GO:0099161","PTPN23"
"GO:0099161","RAB11B"
"GO:0099161","RAB3A"
"GO:0099161","STXBP5"
"GO:0099161","TBC1D2;TBC1D2B"
"GO:0099161","UNC13B"
"GO:0099162","GAPDH"
"GO:0099162","SLC10A4"
"GO:0099163","NOS1"
"GO:0099170","ATG5"
"GO:0099170","BRAF"
"GO:0099170","CAMK4"
"GO:0099170","CHRM1"
"GO:0099170","CLMP"
"GO:0099170","DCC"
"GO:0099170","DRD1"
"GO:0099170","DRD2"
"GO:0099170","GHRL"
"GO:0099170","GHSR"
"GO:0099170","GNAO1"
"GO:0099170","GRM3"
"GO:0099170","IGF1"
"GO:0099170","IGF1R"
"GO:0099170","INA"
"GO:0099170","IQSEC1"
"GO:0099170","NEFH"
"GO:0099170","NEFL"
"GO:0099170","NGDN"
"GO:0099170","NRGN"
"GO:0099170","PLCB1"
"GO:0099170","PPP3CA"
"GO:0099170","PPP3R1"
"GO:0099170","PRKACA"
"GO:0099170","PTK2B"
"GO:0099170","RASGRF1"
"GO:0099170","RASGRF2"
"GO:0099170","SLC1A1"
"GO:0099170","SNX14"
"GO:0099170","SORCS3"
"GO:0099170","SYNPO"
"GO:0099170","TENT2"
"GO:0099170","TRIO"
"GO:0099170","WNT5A"
"GO:0099171","ABCC8"
"GO:0099171","ADCY1"
"GO:0099171","ADORA2A"
"GO:0099171","ADORA2B"
"GO:0099171","ADORA3"
"GO:0099171","ADRA1A"
"GO:0099171","ADRA2A"
"GO:0099171","ADRB2"
"GO:0099171","APBA1"
"GO:0099171","APBA2"
"GO:0099171","BACE1"
"GO:0099171","CHRM2"
"GO:0099171","CHRNA3"
"GO:0099171","CHRNA4"
"GO:0099171","CHRNA5"
"GO:0099171","CHRNA6"
"GO:0099171","CHRNA7"
"GO:0099171","CHRNB2"
"GO:0099171","CHRNB3"
"GO:0099171","CYTH1"
"GO:0099171","DGKI"
"GO:0099171","DRD1"
"GO:0099171","DRD2"
"GO:0099171","DRD4"
"GO:0099171","GIPC1"
"GO:0099171","GLRA3"
"GO:0099171","GRIN3A"
"GO:0099171","GRM2"
"GO:0099171","GRM4"
"GO:0099171","GRM7"
"GO:0099171","GRM8"
"GO:0099171","GSK3B"
"GO:0099171","HIP1"
"GO:0099171","HTR1A"
"GO:0099171","HTR1B"
"GO:0099171","HTR2A"
"GO:0099171","HTR7"
"GO:0099171","LAMP5"
"GO:0099171","MYO6"
"GO:0099171","NGFR"
"GO:0099171","NR3C2"
"GO:0099171","NRN1"
"GO:0099171","NRXN2"
"GO:0099171","NRXN3"
"GO:0099171","OPRM1"
"GO:0099171","PFN2"
"GO:0099171","PRKCE"
"GO:0099171","SYT12"
"GO:0099171","YWHAH"
"GO:0099173","ABI2"
"GO:0099173","ACTR3"
"GO:0099173","ADAM10"
"GO:0099173","ARHGAP39"
"GO:0099173","CD44"
"GO:0099173","CNKSR2"
"GO:0099173","DLG5"
"GO:0099173","DVL1"
"GO:0099173","FZD9"
"GO:0099173","HIP1R"
"GO:0099173","IQSEC3"
"GO:0099173","ITGA3"
"GO:0099173","LAMA5"
"GO:0099173","NRP1"
"GO:0099173","SEPTIN7"
"GO:0099173","SPTBN2"
"GO:0099173","STK38"
"GO:0099173","STK38L"
"GO:0099173","WASF2"
"GO:0099173","WASL"
"GO:0099174","CACNA2D3"
"GO:0099174","NLGN1"
"GO:0099175","ABHD17A"
"GO:0099175","ABHD17B"
"GO:0099175","ABHD17C"
"GO:0099175","ADAM10"
"GO:0099175","AKT1"
"GO:0099175","ARF4"
"GO:0099175","ARHGAP22"
"GO:0099175","ASAP1"
"GO:0099175","BAIAP2"
"GO:0099175","CDC42"
"GO:0099175","CDKL5"
"GO:0099175","CHMP2B"
"GO:0099175","CHMP4B"
"GO:0099175","DACT1"
"GO:0099175","DGKB"
"GO:0099175","DISC1"
"GO:0099175","DVL1"
"GO:0099175","EPHA7"
"GO:0099175","GHRL"
"GO:0099175","GHSR"
"GO:0099175","GRID1"
"GO:0099175","HNRNPK"
"GO:0099175","HNRNPM"
"GO:0099175","HSPA8"
"GO:0099175","IL1RAPL1"
"GO:0099175","ITSN1"
"GO:0099175","LRFN2"
"GO:0099175","MARK2"
"GO:0099175","MINK1"
"GO:0099175","NCAN"
"GO:0099175","NF1"
"GO:0099175","NRCAM"
"GO:0099175","NRP2"
"GO:0099175","PAFAH1B1"
"GO:0099175","PAK3"
"GO:0099175","PLPPR4"
"GO:0099175","PSEN1"
"GO:0099175","PSEN2"
"GO:0099175","PTPRF"
"GO:0099175","RAPGEF4"
"GO:0099175","RBMX"
"GO:0099175","RHEB"
"GO:0099175","ROR2"
"GO:0099175","RPS6KA5"
"GO:0099175","SEMA3F"
"GO:0099175","SHANK2"
"GO:0099175","SHANK3"
"GO:0099175","TANC1"
"GO:0099175","TAOK2"
"GO:0099175","TIAM1"
"GO:0099175","TSC2"
"GO:0099175","VHL"
"GO:0099175","WASL"
"GO:0099175","WNT5A"
"GO:0099175","WNT7A"
"GO:0099178","ABHD6"
"GO:0099178","MGLL"
"GO:0099178","PLCB1"
"GO:0099179","LRFN3"
"GO:0099179","MAGI2"
"GO:0099179","MAPK14"
"GO:0099179","MDGA1"
"GO:0099179","MDGA2"
"GO:0099179","PCDH8"
"GO:0099179","TAOK2"
"GO:0099180","SLC30A3"
"GO:0099180","TMEM163"
"GO:0099181","MAP1A"
"GO:0099181","PPFIA2"
"GO:0099183","BDNF"
"GO:0099183","NTRK2"
"GO:0099183","PLAT"
"GO:0099183","PLG"
"GO:0099184","INA"
"GO:0099184","NEFH"
"GO:0099184","NEFL"
"GO:0099186","ACTN1"
"GO:0099186","DNM3"
"GO:0099186","HOMER1"
"GO:0099186","SEPTIN7"
"GO:0099186","SPTBN2"
"GO:0099187","CLASP2"
"GO:0099188","ENAH"
"GO:0099188","KIF2C"
"GO:0099190","TENM1;TENM2;TENM3;TENM4"
"GO:0099502","DOC2A"
"GO:0099502","DOC2B"
"GO:0099502","SYT1"
"GO:0099502","SYT2"
"GO:0099502","SYT7"
"GO:0099502","SYT9"
"GO:0099504","ATG7"
"GO:0099504","NSF"
"GO:0099504","STXBP5"
"GO:0099504","SYN1"
"GO:0099504","SYN2"
"GO:0099504","SYN3"
"GO:0099505","CASR"
"GO:0099505","KCNJ9"
"GO:0099505","RIMBP2"
"GO:0099507","GABRA1"
"GO:0099507","GABRA2"
"GO:0099507","GABRA3"
"GO:0099507","GABRA5"
"GO:0099507","GABRB1"
"GO:0099507","GABRB2"
"GO:0099507","GABRR1"
"GO:0099507","GLRA1"
"GO:0099507","GRIA1"
"GO:0099507","GRIA2"
"GO:0099507","GRIA3"
"GO:0099507","GRIA4"
"GO:0099507","GRIK1"
"GO:0099507","GRIK2"
"GO:0099507","GRIK3"
"GO:0099507","GRIK4"
"GO:0099507","GRIK5"
"GO:0099507","GRIN1"
"GO:0099507","GRIN2A"
"GO:0099507","GRIN2B"
"GO:0099507","GRIN2D"
"GO:0099507","GRIN3B"
"GO:0099507","HTR3A"
"GO:0099507","KCNMA1"
"GO:0099508","KCNA1"
"GO:0099508","KCNA2"
"GO:0099508","KCNA4"
"GO:0099508","KCNC1"
"GO:0099508","KCNC2"
"GO:0099508","KCNC4"
"GO:0099508","KCNH1"
"GO:0099508","KCNJ11"
"GO:0099508","KCNJ3"
"GO:0099508","KCNJ6"
"GO:0099508","KCNJ8"
"GO:0099508","KCNMB4"
"GO:0099508","KCNQ5"
"GO:0099508","RIMBP2"
"GO:0099508","SCN10A"
"GO:0099508","SCN1A"
"GO:0099508","SCN2A"
"GO:0099509","ADORA1"
"GO:0099509","CBARP"
"GO:0099509","CDK5"
"GO:0099509","CNR1"
"GO:0099509","ERC1"
"GO:0099509","ERC2"
"GO:0099509","KCNH1"
"GO:0099509","MARCKSL1"
"GO:0099509","NCS1"
"GO:0099509","NPY"
"GO:0099509","NPY1R"
"GO:0099509","OSBPL2"
"GO:0099509","P2RX1"
"GO:0099509","P2RX2"
"GO:0099509","P2RY1"
"GO:0099509","P2RY2"
"GO:0099509","P2RY4"
"GO:0099509","RYR2"
"GO:0099509","SV2B"
"GO:0099525","CADPS"
"GO:0099525","CADPS;CADPS2"
"GO:0099525","DNM1;DNM2;DNM3"
"GO:0099525","EHBP1"
"GO:0099525","RAB10"
"GO:0099525","RAB5A;RAB5B;RAB5C"
"GO:0099525","RIMS1"
"GO:0099525","SNAP25"
"GO:0099525","STXBP1"
"GO:0099525","SYT10"
"GO:0099526","CTBP1"
"GO:0099527","ABI1"
"GO:0099527","ANKS1B"
"GO:0099527","CABP1"
"GO:0099527","CAMK4"
"GO:0099527","CRTC1"
"GO:0099527","HTT"
"GO:0099527","KPNA1"
"GO:0099527","KPNA2"
"GO:0099527","NRG1"
"GO:0099527","NSMF"
"GO:0099527","PRR7"
"GO:0099527","RELA"
"GO:0099527","RNF10"
"GO:0099527","STAT3"
"GO:0099532","CTSD"
"GO:0099532","RAB11A"
"GO:0099532","RAB35"
"GO:0099532","RAB7A"
"GO:0099532","TBC1D24"
"GO:0099534","CALB1"
"GO:0099534","CALB2"
"GO:0099537","FGF22"
"GO:0099537","IGSF11"
"GO:0099537","NRXN3"
"GO:0099537","PTPRD"
"GO:0099537","PTPRS"
"GO:0099537","WLS"
"GO:0099538","CCK"
"GO:0099538","NPPA"
"GO:0099538","NPY"
"GO:0099538","NPY1R"
"GO:0099538","NPY2R"
"GO:0099538","NPY5R"
"GO:0099538","PENK"
"GO:0099538","VGF"
"GO:0099540","ALK"
"GO:0099545","IL1RAP"
"GO:0099545","IL1RAPL1"
"GO:0099545","PTPRD"
"GO:0099546","RNF216"
"GO:0099547","CPEB1"
"GO:0099547","CPEB2"
"GO:0099547","MTOR"
"GO:0099550","CBLN1"
"GO:0099550","CBLN2"
"GO:0099550","CBLN4"
"GO:0099550","IGSF21"
"GO:0099550","NEO1"
"GO:0099550","NRXN1"
"GO:0099550","NRXN3"
"GO:0099553","CNR2"
"GO:0099557","EFNB3"
"GO:0099557","NPTN"
"GO:0099558","APPL1"
"GO:0099558","GRN"
"GO:0099558","L1CAM"
"GO:0099558","PLXNA4"
"GO:0099558","SEMA3A"
"GO:0099558","SORT1"
"GO:0099559","TENM1;TENM2;TENM3;TENM4"
"GO:0099560","ADAM11"
"GO:0099560","CADM1"
"GO:0099560","CADM2"
"GO:0099560","CADM3"
"GO:0099560","CADM4"
"GO:0099560","CDH10"
"GO:0099560","CDH6"
"GO:0099560","CDH9"
"GO:0099560","EFNA5"
"GO:0099560","ELFN1"
"GO:0099560","ELFN2"
"GO:0099560","EPHA3"
"GO:0099560","FLRT3"
"GO:0099560","GPC4"
"GO:0099560","IGSF9B"
"GO:0099560","IL1RAP"
"GO:0099560","ITGA3"
"GO:0099560","LRFN3"
"GO:0099560","LRFN4"
"GO:0099560","LRFN5"
"GO:0099560","LRRC4"
"GO:0099560","LRRC4B"
"GO:0099560","LRRC4C"
"GO:0099560","NCAM1"
"GO:0099560","NLGN1"
"GO:0099560","NRG1"
"GO:0099560","NRXN1"
"GO:0099560","NTNG1"
"GO:0099560","NTNG2"
"GO:0099560","PCDH17"
"GO:0099560","PTPRD"
"GO:0099560","PTPRF"
"GO:0099560","PTPRS"
"GO:0099560","SLITRK1"
"GO:0099560","SLITRK2"
"GO:0099560","SLITRK3"
"GO:0099560","SLITRK5"
"GO:0099560","SPARCL1"
"GO:0099560","TENM3"
"GO:0099560","TENM4"
"GO:0099562","ARF6"
"GO:0099562","CSMD2"
"GO:0099562","DGKZ"
"GO:0099562","PRICKLE1"
"GO:0099562","PRICKLE2"
"GO:0099562","PSD"
"GO:0099564","MMP9"
"GO:0099565","ANKS1B"
"GO:0099565","EEA1"
"GO:0099565","INSYN1"
"GO:0099565","INSYN2A"
"GO:0099565","KCNK2"
"GO:0099565","NOTCH1"
"GO:0099566","FZD9"
"GO:0099566","GRID2IP"
"GO:0099566","MYO5A"
"GO:0099566","RYR3"
"GO:0099566","STIM1"
"GO:0099566","STIM2"
"GO:0099566","SYNPO"
"GO:0099566","WNT5A"
"GO:0099567","CALB1"
"GO:0099574","ATG9A"
"GO:0099575","DDHD2"
"GO:0099575","FBXL20"
"GO:0099576","CDH1"
"GO:0099576","FBXO2"
"GO:0099576","MDM2"
"GO:0099576","NEDD4"
"GO:0099576","RNF19A"
"GO:0099576","RPS23P1"
"GO:0099576","USP8"
"GO:0099577","EIF4EBP1"
"GO:0099577","FMR1"
"GO:0099578","CYFIP1"
"GO:0099578","EIF1"
"GO:0099578","EIF1AX"
"GO:0099578","EIF1AY"
"GO:0099578","EIF2A"
"GO:0099578","EIF2B1"
"GO:0099578","EIF2B2"
"GO:0099578","EIF2B3"
"GO:0099578","EIF2B4"
"GO:0099578","EIF2B5"
"GO:0099578","EIF2S1"
"GO:0099578","EIF2S2"
"GO:0099578","EIF2S3"
"GO:0099578","EIF3A"
"GO:0099578","EIF3B"
"GO:0099578","EIF3C"
"GO:0099578","EIF3D"
"GO:0099578","EIF3E"
"GO:0099578","EIF3F"
"GO:0099578","EIF3H"
"GO:0099578","EIF3I"
"GO:0099578","EIF3K"
"GO:0099578","EIF3M"
"GO:0099578","EIF4A1"
"GO:0099578","EIF4A3"
"GO:0099578","EIF4E"
"GO:0099578","EIF4G1"
"GO:0099578","FMR1"
"GO:0099578","PABPC1"
"GO:0099579","ADRB1"
"GO:0099579","GABBR1"
"GO:0099579","KCTD12"
"GO:0099579","KCTD16"
"GO:0099626","CACNA1A"
"GO:0099626","CACNA1B"
"GO:0099626","CACNA1D"
"GO:0099626","CACNA1E"
"GO:0099626","CACNB2"
"GO:0099626","CACNB4"
"GO:0099626","HTR1B"
"GO:0099626","RIMBP2"
"GO:0099626","TSPOAP1"
"GO:0099639","MYO5B"
"GO:0099641","EXOC2"
"GO:0099641","FEZ1"
"GO:0099645","ADAM22"
"GO:0099645","C1QL2"
"GO:0099645","C1QL3"
"GO:0099645","CACNG2"
"GO:0099645","CACNG3"
"GO:0099645","CACNG7"
"GO:0099645","CNIH3"
"GO:0099645","DLG1"
"GO:0099645","DLG2"
"GO:0099645","DLG4"
"GO:0099645","ERBB2"
"GO:0099645","ERBB4"
"GO:0099645","GIT1"
"GO:0099645","GNAI1"
"GO:0099645","GPHN"
"GO:0099645","GPSM2"
"GO:0099645","LGI1"
"GO:0099645","LHFPL4"
"GO:0099645","NETO1"
"GO:0099645","NETO2"
"GO:0099645","NPTX1"
"GO:0099645","NPTX2"
"GO:0099645","NPTXR"
"GO:0099645","NRXN3"
"GO:0099645","OLFM2"
"GO:0099645","RAPSN"
"GO:0099645","VWC2"
"GO:0140231","NETO1"
"GO:0140232","HCN1"
"GO:0140235","TENT2"
"GO:0140236","FAU"
"GO:0140236","RPL10"
"GO:0140236","RPL10A"
"GO:0140236","RPL10L"
"GO:0140236","RPL11"
"GO:0140236","RPL12"
"GO:0140236","RPL13"
"GO:0140236","RPL13A"
"GO:0140236","RPL14"
"GO:0140236","RPL15"
"GO:0140236","RPL17"
"GO:0140236","RPL18"
"GO:0140236","RPL18A"
"GO:0140236","RPL19"
"GO:0140236","RPL21"
"GO:0140236","RPL22"
"GO:0140236","RPL22L1"
"GO:0140236","RPL23"
"GO:0140236","RPL23A"
"GO:0140236","RPL24"
"GO:0140236","RPL26"
"GO:0140236","RPL26L1"
"GO:0140236","RPL27"
"GO:0140236","RPL27A"
"GO:0140236","RPL28"
"GO:0140236","RPL29"
"GO:0140236","RPL3"
"GO:0140236","RPL30"
"GO:0140236","RPL31"
"GO:0140236","RPL32"
"GO:0140236","RPL34"
"GO:0140236","RPL35"
"GO:0140236","RPL35A"
"GO:0140236","RPL36"
"GO:0140236","RPL36A"
"GO:0140236","RPL36AL"
"GO:0140236","RPL37"
"GO:0140236","RPL37A"
"GO:0140236","RPL38"
"GO:0140236","RPL39"
"GO:0140236","RPL39L"
"GO:0140236","RPL3L"
"GO:0140236","RPL4"
"GO:0140236","RPL41"
"GO:0140236","RPL5"
"GO:0140236","RPL6"
"GO:0140236","RPL7"
"GO:0140236","RPL7A"
"GO:0140236","RPL7L1"
"GO:0140236","RPL8"
"GO:0140236","RPL9"
"GO:0140236","RPLP0"
"GO:0140236","RPLP1"
"GO:0140236","RPLP2"
"GO:0140236","RPS10"
"GO:0140236","RPS11"
"GO:0140236","RPS12"
"GO:0140236","RPS13"
"GO:0140236","RPS14"
"GO:0140236","RPS15"
"GO:0140236","RPS15A"
"GO:0140236","RPS16"
"GO:0140236","RPS17"
"GO:0140236","RPS18"
"GO:0140236","RPS19"
"GO:0140236","RPS2"
"GO:0140236","RPS20"
"GO:0140236","RPS21"
"GO:0140236","RPS23"
"GO:0140236","RPS24"
"GO:0140236","RPS25"
"GO:0140236","RPS26"
"GO:0140236","RPS27"
"GO:0140236","RPS27A"
"GO:0140236","RPS27L"
"GO:0140236","RPS28"
"GO:0140236","RPS29"
"GO:0140236","RPS3"
"GO:0140236","RPS3A"
"GO:0140236","RPS4X"
"GO:0140236","RPS4Y1"
"GO:0140236","RPS4Y2"
"GO:0140236","RPS5"
"GO:0140236","RPS6"
"GO:0140236","RPS7"
"GO:0140236","RPS8"
"GO:0140236","RPS9"
"GO:0140236","RPSA"
"GO:0140236","UBA52"
"GO:0140238","AAK1"
"GO:0140238","ARFGAP3"
"GO:0140238","CALM1"
"GO:0140238","CALM2"
"GO:0140238","CALM3"
"GO:0140238","NECAP1"
"GO:0140239","DNM2"
"GO:0140242","EEF2"
"GO:0140242","FAU"
"GO:0140242","RPL10"
"GO:0140242","RPL10A"
"GO:0140242","RPL10L"
"GO:0140242","RPL11"
"GO:0140242","RPL12"
"GO:0140242","RPL13"
"GO:0140242","RPL13A"
"GO:0140242","RPL14"
"GO:0140242","RPL15"
"GO:0140242","RPL17"
"GO:0140242","RPL18"
"GO:0140242","RPL18A"
"GO:0140242","RPL19"
"GO:0140242","RPL21"
"GO:0140242","RPL22"
"GO:0140242","RPL22L1"
"GO:0140242","RPL23"
"GO:0140242","RPL23A"
"GO:0140242","RPL24"
"GO:0140242","RPL26"
"GO:0140242","RPL26L1"
"GO:0140242","RPL27"
"GO:0140242","RPL27A"
"GO:0140242","RPL28"
"GO:0140242","RPL29"
"GO:0140242","RPL3"
"GO:0140242","RPL30"
"GO:0140242","RPL31"
"GO:0140242","RPL32"
"GO:0140242","RPL34"
"GO:0140242","RPL35"
"GO:0140242","RPL35A"
"GO:0140242","RPL36"
"GO:0140242","RPL36A"
"GO:0140242","RPL36AL"
"GO:0140242","RPL37"
"GO:0140242","RPL37A"
"GO:0140242","RPL38"
"GO:0140242","RPL39"
"GO:0140242","RPL39L"
"GO:0140242","RPL3L"
"GO:0140242","RPL4"
"GO:0140242","RPL41"
"GO:0140242","RPL5"
"GO:0140242","RPL6"
"GO:0140242","RPL7"
"GO:0140242","RPL7A"
"GO:0140242","RPL7L1"
"GO:0140242","RPL8"
"GO:0140242","RPL9"
"GO:0140242","RPLP0"
"GO:0140242","RPLP1"
"GO:0140242","RPLP2"
"GO:0140242","RPS10"
"GO:0140242","RPS11"
"GO:0140242","RPS12"
"GO:0140242","RPS13"
"GO:0140242","RPS14"
"GO:0140242","RPS15"
"GO:0140242","RPS15A"
"GO:0140242","RPS16"
"GO:0140242","RPS17"
"GO:0140242","RPS18"
"GO:0140242","RPS19"
"GO:0140242","RPS2"
"GO:0140242","RPS20"
"GO:0140242","RPS21"
"GO:0140242","RPS23"
"GO:0140242","RPS24"
"GO:0140242","RPS25"
"GO:0140242","RPS26"
"GO:0140242","RPS27"
"GO:0140242","RPS27A"
"GO:0140242","RPS27L"
"GO:0140242","RPS28"
"GO:0140242","RPS29"
"GO:0140242","RPS3"
"GO:0140242","RPS3A"
"GO:0140242","RPS4X"
"GO:0140242","RPS4Y1"
"GO:0140242","RPS4Y2"
"GO:0140242","RPS5"
"GO:0140242","RPS6"
"GO:0140242","RPS7"
"GO:0140242","RPS8"
"GO:0140242","RPS9"
"GO:0140242","RPSA"
"GO:0140242","UBA52"
"GO:0140245","EEF2K"
"GO:0140245","ELAVL4"
"GO:0140245","NGDN"
"GO:0140245","TENT2"
"GO:0140247","ADRM1"
"GO:0140247","ANAPC1"
"GO:0140247","ANAPC10"
"GO:0140247","ANAPC11"
"GO:0140247","ANAPC13"
"GO:0140247","ANAPC15"
"GO:0140247","ANAPC16"
"GO:0140247","ANAPC2"
"GO:0140247","ANAPC4"
"GO:0140247","ANAPC5"
"GO:0140247","ANAPC7"
"GO:0140247","CDC16"
"GO:0140247","CDC20"
"GO:0140247","CDC23"
"GO:0140247","CDC26"
"GO:0140247","CDC27"
"GO:0140247","FZR1"
"GO:0140247","PSMA1"
"GO:0140247","PSMA2"
"GO:0140247","PSMA3"
"GO:0140247","PSMA4"
"GO:0140247","PSMA5"
"GO:0140247","PSMA6"
"GO:0140247","PSMA7"
"GO:0140247","PSMA8"
"GO:0140247","PSMB1"
"GO:0140247","PSMB10"
"GO:0140247","PSMB2"
"GO:0140247","PSMB3"
"GO:0140247","PSMB4"
"GO:0140247","PSMB5"
"GO:0140247","PSMB6"
"GO:0140247","PSMB7"
"GO:0140247","PSMB8"
"GO:0140247","PSMB9"
"GO:0140247","PSMC1"
"GO:0140247","PSMC2"
"GO:0140247","PSMC3"
"GO:0140247","PSMC4"
"GO:0140247","PSMC5"
"GO:0140247","PSMC6"
"GO:0140247","PSMD1"
"GO:0140247","PSMD10"
"GO:0140247","PSMD11"
"GO:0140247","PSMD12"
"GO:0140247","PSMD13"
"GO:0140247","PSMD14"
"GO:0140247","PSMD2"
"GO:0140247","PSMD3"
"GO:0140247","PSMD4"
"GO:0140247","PSMD5"
"GO:0140247","PSMD6"
"GO:0140247","PSMD7"
"GO:0140247","PSMD8"
"GO:0140247","PSMD9"
"GO:0140247","PSME1"
"GO:0140247","PSME2"
"GO:0140247","PSME3"
"GO:0140247","PSME4"
"GO:0140247","PSMF1"
"GO:0140247","SEM1"
"GO:0140247","SEPTIN3"
"GO:0140249","ADAM10"
"GO:0140249","ADRM1"
"GO:0140249","ANAPC1"
"GO:0140249","ANAPC10"
"GO:0140249","ANAPC11"
"GO:0140249","ANAPC13"
"GO:0140249","ANAPC15"
"GO:0140249","ANAPC16"
"GO:0140249","ANAPC2"
"GO:0140249","ANAPC4"
"GO:0140249","ANAPC5"
"GO:0140249","ANAPC7"
"GO:0140249","CAPN1"
"GO:0140249","CAPN2"
"GO:0140249","CDC16"
"GO:0140249","CDC20"
"GO:0140249","CDC23"
"GO:0140249","CDC26"
"GO:0140249","CDC27"
"GO:0140249","FZR1"
"GO:0140249","PSEN1"
"GO:0140249","PSEN2"
"GO:0140249","PSMA1"
"GO:0140249","PSMA2"
"GO:0140249","PSMA3"
"GO:0140249","PSMA4"
"GO:0140249","PSMA5"
"GO:0140249","PSMA6"
"GO:0140249","PSMA7"
"GO:0140249","PSMA8"
"GO:0140249","PSMB1"
"GO:0140249","PSMB10"
"GO:0140249","PSMB2"
"GO:0140249","PSMB3"
"GO:0140249","PSMB4"
"GO:0140249","PSMB5"
"GO:0140249","PSMB6"
"GO:0140249","PSMB7"
"GO:0140249","PSMB8"
"GO:0140249","PSMB9"
"GO:0140249","PSMC1"
"GO:0140249","PSMC2"
"GO:0140249","PSMC3"
"GO:0140249","PSMC4"
"GO:0140249","PSMC5"
"GO:0140249","PSMC6"
"GO:0140249","PSMD1"
"GO:0140249","PSMD10"
"GO:0140249","PSMD11"
"GO:0140249","PSMD12"
"GO:0140249","PSMD13"
"GO:0140249","PSMD14"
"GO:0140249","PSMD2"
"GO:0140249","PSMD3"
"GO:0140249","PSMD4"
"GO:0140249","PSMD5"
"GO:0140249","PSMD6"
"GO:0140249","PSMD7"
"GO:0140249","PSMD8"
"GO:0140249","PSMD9"
"GO:0140249","PSME1"
"GO:0140249","PSME2"
"GO:0140249","PSME3"
"GO:0140249","PSME4"
"GO:0140249","PSMF1"
"GO:0140249","SEM1"
"GO:0140251","PLEKHG5"
"GO:0140251","PRKN"
"GO:0140251","RAB26"
"GO:0140251","USP5"
"GO:0140252","CBLB"
"GO:0140252","CUL3"
"GO:0140252","CYLD"
"GO:0140252","EGLN1"
"GO:0140252","KLHL17"
"GO:0140252","MIB2"
"GO:0140252","NEDD4"
"GO:0140252","NEDD4L"
"GO:0140252","PIN1"
"GO:0140252","PLK2"
"GO:0140252","TRAF6"
"GO:0140252","TRIM3"
"GO:0140252","UBE2N"
"GO:0140252","UBE2V1"
"GO:0140252","VHL"
"GO:0150035","SLITRK5"
"GO:0150035","SORCS2"
"GO:0150035","SYT4"
"GO:0150036","CNRIP1"
"GO:0150036","FAAH"
"GO:0150036","NRXN1"
"GO:0150036","PAK1"
"GO:0150037","CACNA1B"
"GO:0150037","ERC1"
"GO:0150037","ERC2"
"GO:0150037","PRRT2"
"GO:0150037","RIMBP2"
"GO:0150037","RIMS1"
"GO:0150037","RIMS2"
"GO:0150038","SYT6"
"GO:0150043","LAMB2"
"GO:0150044","SYT4"
"GO:0150045","ROR2"
"GO:0150045","WNT5A"
"GO:0150047","GABBR1"
"GO:0150047","GABRB1"
"GO:0150047","KCTD12"
"GO:0150047","KCTD16"
"GO:0150047","KCTD8"
"GO:0150052","AFDN"
"GO:0150052","ARHGAP12"
"GO:0150052","ARHGAP33"
"GO:0150052","ARHGEF15"
"GO:0150052","ASIC1"
"GO:0150052","ASIC2"
"GO:0150052","CARMIL3"
"GO:0150052","CC2D1A"
"GO:0150052","CPEB3"
"GO:0150052","CRMP1"
"GO:0150052","CYFIP2"
"GO:0150052","DCLK1"
"GO:0150052","DCX"
"GO:0150052","DOCK1"
"GO:0150052","DOCK10"
"GO:0150052","DOCK4"
"GO:0150052","DPYSL2"
"GO:0150052","ELMO1"
"GO:0150052","ELMO2"
"GO:0150052","FAM107A"
"GO:0150052","FLRT2"
"GO:0150052","GNA13"
"GO:0150052","HTR4"
"GO:0150052","IQGAP1"
"GO:0150052","LRP4"
"GO:0150052","LZTS1"
"GO:0150052","LZTS3"
"GO:0150052","MAP1B"
"GO:0150052","MARK1"
"GO:0150052","NAE1"
"GO:0150052","NCKIPSD"
"GO:0150052","NDFIP1"
"GO:0150052","NECTIN3"
"GO:0150052","NEDD8"
"GO:0150052","NEURL1"
"GO:0150052","NRXN2"
"GO:0150052","NTF3"
"GO:0150052","NUMB"
"GO:0150052","NUMBL"
"GO:0150052","ORAI1"
"GO:0150052","PALM"
"GO:0150052","PCDH7"
"GO:0150052","PDLIM5"
"GO:0150052","PPP1R9B"
"GO:0150052","PSD"
"GO:0150052","PTPN1"
"GO:0150052","PUM2"
"GO:0150052","RAC1"
"GO:0150052","RAC3"
"GO:0150052","RHOG"
"GO:0150052","RTN4"
"GO:0150052","RTN4R"
"GO:0150052","S1PR2"
"GO:0150052","SAMD4A"
"GO:0150052","SEMA4C"
"GO:0150052","SENP1"
"GO:0150052","SIGMAR1"
"GO:0150052","SLC12A5"
"GO:0150052","SRGAP3"
"GO:0150052","SYNDIG1"
"GO:0150052","TOR1A"
"GO:0150052","TRIM47"
"GO:0150052","TRPC6"
"GO:0150052","UBE2M"
"GO:0150052","UBE3B"
"GO:0150052","UCHL1"
"GO:0150052","USP9X"
"GO:0150052","VPS35"
"GO:0150052","ZDHHC8"
"GO:0150054","ITGB1"
"GO:0150054","ITGB3"
"GO:0150054","MMP9"
"GO:0150054","RDX"
"GO:0150054","ZDHHC2"
"GO:1900242","ACTB"
"GO:1900242","ACTG1"
"GO:1900242","ARPC3"
"GO:1900242","BCL2L1"
"GO:1900242","BLTP1"
"GO:1900242","COPS4"
"GO:1900242","CXADR"
"GO:1900242","DGKQ"
"GO:1900242","KCNC3"
"GO:1900242","LRRK2"
"GO:1900242","MYLK"
"GO:1900242","OPHN1"
"GO:1900242","PARK7"
"GO:1900242","PIP5K1C"
"GO:1900242","PPP3CB"
"GO:1900242","PPP3CC"
"GO:1900242","PRKN"
"GO:1900242","RAC1"
"GO:1900242","SCAMP5"
"GO:1900242","SNX9"
"GO:1900242","SYT11"
"GO:1900242","SYT7"
"GO:1900242","TRPM7"
"GO:1900242","VAMP4"
"GO:1900242","VPS29"
"GO:1900242","VPS35"
"GO:1901546","DMXL2"
"GO:1901546","SLC9A6"
"GO:1903742","ARL8A"
"GO:1903742","ARL8A;ARL8B"
"GO:1903742","ARL8B"
"GO:1904315","CHRNA1"
"GO:1904315","CHRNA10"
"GO:1904315","CHRNA3"
"GO:1904315","CHRNA4"
"GO:1904315","CHRNA7"
"GO:1904315","CHRNA9"
"GO:1904315","CHRNB1"
"GO:1904315","CHRNB2"
"GO:1904315","CHRNB4"
"GO:1904315","CHRND"
"GO:1904315","CHRNE"
"GO:1904315","CHRNG"
"GO:1904315","GABRA1"
"GO:1904315","GABRA2"
"GO:1904315","GABRA3"
"GO:1904315","GABRA4"
"GO:1904315","GABRA5"
"GO:1904315","GABRA6"
"GO:1904315","GABRB1"
"GO:1904315","GABRB2"
"GO:1904315","GABRB3"
"GO:1904315","GABRD"
"GO:1904315","GABRE"
"GO:1904315","GABRG2"
"GO:1904315","GABRG3"
"GO:1904315","GABRR2"
"GO:1904315","GLRA1"
"GO:1904315","GLRA2"
"GO:1904315","GLRA3"
"GO:1904315","GLRB"
"GO:1904315","GRIA1"
"GO:1904315","GRIA2"
"GO:1904315","GRIA3"
"GO:1904315","GRIA4"
"GO:1904315","GRIK1"
"GO:1904315","GRIK2"
"GO:1904315","GRIK5"
"GO:1904315","GRIN1"
"GO:1904315","GRIN2A"
"GO:1904315","GRIN2B"
"GO:1904315","GRIN2C"
"GO:1904315","GRIN2D"
"GO:1904315","GRIN3A"
"GO:1905030","KCNA1"
"GO:1905030","KCNA2"
"GO:1905030","KCNC4"
"GO:1905030","KCND2"
"GO:1905030","KCND3"
"GO:1905030","KCNK1"
"GO:1905056","ATP2B3"
"GO:1905059","ATP2B2"
"GO:1905060","SLC8A1"
"GO:1905060","SLC8A2"
"GO:1905060","SLC8A3"
"GO:1905274","AMOT"
"GO:1905274","BAIAP2"
"GO:1905274","CAP2"
"GO:1905274","CTTNBP2"
"GO:1905274","CYFIP1"
"GO:1905274","DIP2A"
"GO:1905274","ITSN1"
"GO:1905274","KALRN"
"GO:1905274","LIMK1"
"GO:1905274","MARCKS"
"GO:1905274","MYH10"
"GO:1905274","PRMT8"
"GO:1905274","PTK2"
"GO:1905274","RHOA"
"GO:1905274","TIAM1"
"GO:1905539","JAK2"
"GO:1905539","WNT3A"
"GO:1905606","APP"
"GO:1905606","ARF6"
"GO:1905606","ATG9A"
"GO:1905606","CBLN1"
"GO:1905606","CLSTN3"
"GO:1905606","FARP1"
"GO:1905606","FZD1"
"GO:1905606","GPC4"
"GO:1905606","GRID2"
"GO:1905606","IGSF11"
"GO:1905606","IL1RAP"
"GO:1905606","IL1RAPL1"
"GO:1905606","IL1RAPL2"
"GO:1905606","LRFN3"
"GO:1905606","LRFN4"
"GO:1905606","LRFN5"
"GO:1905606","LRRC4B"
"GO:1905606","LRRTM1"
"GO:1905606","LRRTM3"
"GO:1905606","MDGA1"
"GO:1905606","MDGA2"
"GO:1905606","NLGN2"
"GO:1905606","NRG1"
"GO:1905606","NRXN1"
"GO:1905606","NTNG2"
"GO:1905606","NTRK3"
"GO:1905606","SLITRK1"
"GO:1905606","SLITRK2"
"GO:1905606","SLITRK3"
"GO:1905606","WNT3A"
"GO:1905606","WNT7A"
"GO:1905806","ADGRB3"
"GO:1905806","C1QL1"
"GO:1905806","CD47"
"GO:1905806","CDK5"
"GO:1905806","EPHA4"
"GO:1905806","ITGB1"
"GO:1905806","NGEF"
"GO:1905806","PLXNC1"
"GO:1905806","RAI14"
"GO:1905806","SARM1"
"GO:1905806","SKP1"
"GO:1905806","TRIOBP"
"GO:1905806","VANGL2"
"GO:2000300","CACNA1E"
"GO:2000300","CACNB4"
"GO:2000300","CASK"
"GO:2000300","CSPG5"
"GO:2000300","DTNBP1"
"GO:2000300","DVL1"
"GO:2000300","FBXL20"
"GO:2000300","FBXO45"
"GO:2000300","GIT1"
"GO:2000300","GIT2"
"GO:2000300","GPR151"
"GO:2000300","HTR1B"
"GO:2000300","HTR1D"
"GO:2000300","KCNH1"
"GO:2000300","NCS1"
"GO:2000300","NPY"
"GO:2000300","NPY1R"
"GO:2000300","P2RX1"
"GO:2000300","P2RX2"
"GO:2000300","P2RY1"
"GO:2000300","P2RY2"
"GO:2000300","P2RY4"
"GO:2000300","PPFIA2"
"GO:2000300","PRKCA"
"GO:2000300","PRKCB"
"GO:2000300","PRKCG"
"GO:2000300","SLC4A8"
"GO:2000300","SNAP29"
"GO:2000300","SNAPIN"
"GO:2000300","STXBP5"
"GO:2000300","STXBP5L"
"GO:2000300","SV2B"
"GO:2000300","SV2C"
"GO:2000300","SYT7"
"GO:2000300","TPRG1L"
"GO:2000300","VPS18"
"GO:2000300","WNT7A"
"SYNGO:metabolism","ABHD17B"
"SYNGO:metabolism","SLC6A17"
"SYNGO:metabolism","SLC6A7"
"SYNGO:metabolism","SLC6A8"
"SYNGO:postsyn_ATPmetabolic","GAPDH"
"SYNGO:presyn_chaperoneProteinFolding","DNAJC5"
"SYNGO:presyn_chaperoneProteinFolding","HSPA8"
"SYNGO:presyn_chaperoneProteinFolding","SGTA"
"SYNGO:presyn_regulationATPmetabolic","CNR1"
"SYNGO:presyn_regulationATPmetabolic","PARK7"
"SYNGO:presyn_regulationATPmetabolic","PGK1"
"SYNGO:transport","DPYSL2"
"SYNGO:transport","MYO5A"
"SYNGO:transport","NRN1"
"SYNGO:transport","SLC6A6"
"GO:0008021","AP1B1"
"GO:0008021","AP2A1"
"GO:0008021","AP2A2"
"GO:0008021","AP2B1"
"GO:0008021","AP2M1"
"GO:0008021","AP2S1"
"GO:0008021","AP3M2"
"GO:0008021","AP3S1"
"GO:0008021","AP3S2"
"GO:0008021","ARL8A"
"GO:0008021","ARL8B"
"GO:0008021","ATG9A"
"GO:0008021","BCL2L1"
"GO:0008021","BRSK1"
"GO:0008021","CALCRL"
"GO:0008021","DGKI"
"GO:0008021","DMXL2"
"GO:0008021","DNMBP"
"GO:0008021","EXOC4"
"GO:0008021","LAMP5"
"GO:0008021","MARCKSL1"
"GO:0008021","PARK7"
"GO:0008021","PDYN"
"GO:0008021","PICK1"
"GO:0008021","PIKFYVE"
"GO:0008021","PPFIA2"
"GO:0008021","SEC22B"
"GO:0008021","SNAP29"
"GO:0008021","SNAPIN"
"GO:0008021","STXBP5"
"GO:0008021","SYNGR3"
"GO:0008021","TOR1A"
"GO:0008021","TPPP"
"GO:0008021","TRIM9"
"GO:0008021","UBE3A"
"GO:0008021","VPS33B"
"GO:0008021","VPS45"
"GO:0008021","VTI1A"
"GO:0008021","WDR7"
"GO:0014069","ABI1"
"GO:0014069","ABL1"
"GO:0014069","ABLIM1"
"GO:0014069","ADGRA1"
"GO:0014069","AGAP3"
"GO:0014069","ALS2"
"GO:0014069","AMOT"
"GO:0014069","ANK3"
"GO:0014069","ANKS1B"
"GO:0014069","APBB1"
"GO:0014069","APC"
"GO:0014069","ARF1"
"GO:0014069","ARHGAP32"
"GO:0014069","ARHGAP33"
"GO:0014069","ARHGAP44"
"GO:0014069","ARPC5"
"GO:0014069","ARRB1"
"GO:0014069","ARRB2"
"GO:0014069","AURKA"
"GO:0014069","BAIAP2"
"GO:0014069","BASP1"
"GO:0014069","BRSK1"
"GO:0014069","CAMK1"
"GO:0014069","CAMK2A"
"GO:0014069","CAMK2B"
"GO:0014069","CAPN1"
"GO:0014069","CAPZB"
"GO:0014069","CASP3"
"GO:0014069","CD200"
"GO:0014069","CHMP2B"
"GO:0014069","CHMP4B"
"GO:0014069","CPEB1"
"GO:0014069","CRTAC1"
"GO:0014069","CRTC1"
"GO:0014069","CTNND2"
"GO:0014069","CYLD"
"GO:0014069","DAPK1"
"GO:0014069","DBN1"
"GO:0014069","DDX3X"
"GO:0014069","DGCR8"
"GO:0014069","DGKZ"
"GO:0014069","DISC1"
"GO:0014069","DLG5"
"GO:0014069","DNAJB1"
"GO:0014069","DPYSL2"
"GO:0014069","DROSHA"
"GO:0014069","DRP2"
"GO:0014069","DTNBP1"
"GO:0014069","DVL1"
"GO:0014069","DYNLL2"
"GO:0014069","EEF2K"
"GO:0014069","EGLN1"
"GO:0014069","EIF3A"
"GO:0014069","EIF3E"
"GO:0014069","EIF4G2"
"GO:0014069","EPS8"
"GO:0014069","FAM81A"
"GO:0014069","FRMPD2"
"GO:0014069","FRMPD4"
"GO:0014069","GPR50"
"GO:0014069","GPSM2"
"GO:0014069","GRIP1"
"GO:0014069","GRIP2"
"GO:0014069","GRK2"
"GO:0014069","GRK3"
"GO:0014069","GSK3B"
"GO:0014069","HNRNPA2B1"
"GO:0014069","HNRNPA3"
"GO:0014069","HNRNPD"
"GO:0014069","HNRNPH1"
"GO:0014069","HNRNPH2"
"GO:0014069","HNRNPM"
"GO:0014069","HOMER1"
"GO:0014069","HOMER2"
"GO:0014069","HOMER3"
"GO:0014069","HSPA8"
"GO:0014069","INPP4A"
"GO:0014069","KALRN"
"GO:0014069","KPNA1"
"GO:0014069","KPNA2"
"GO:0014069","LZTS3"
"GO:0014069","MAGI2"
"GO:0014069","MAP1A"
"GO:0014069","MAP2K1"
"GO:0014069","MAPK1"
"GO:0014069","MAPK10"
"GO:0014069","MAPK8IP1"
"GO:0014069","MDM2"
"GO:0014069","MIB1"
"GO:0014069","MPDZ"
"GO:0014069","MYO6"
"GO:0014069","NCKAP1"
"GO:0014069","NEGR1"
"GO:0014069","NEURL1"
"GO:0014069","NUMB"
"GO:0014069","OPCML"
"GO:0014069","PAK1"
"GO:0014069","PAK2"
"GO:0014069","PAK3"
"GO:0014069","PAK6"
"GO:0014069","PCBP1"
"GO:0014069","PCBP2"
"GO:0014069","PCDH7"
"GO:0014069","PDLIM4"
"GO:0014069","PHB1"
"GO:0014069","PHB2"
"GO:0014069","PIP5K1C"
"GO:0014069","PJA2"
"GO:0014069","PLCB4"
"GO:0014069","PLEKHA5"
"GO:0014069","PPFIA2"
"GO:0014069","PPP1R9A"
"GO:0014069","PPP1R9B"
"GO:0014069","PRICKLE1"
"GO:0014069","PRICKLE2"
"GO:0014069","PRKCZ"
"GO:0014069","PURA"
"GO:0014069","RAPGEF4"
"GO:0014069","RBMX"
"GO:0014069","RELN"
"GO:0014069","RGS14"
"GO:0014069","RHEB"
"GO:0014069","ROCK2"
"GO:0014069","RPL10A"
"GO:0014069","RPL12"
"GO:0014069","RPL14"
"GO:0014069","RPL18A"
"GO:0014069","RPL23"
"GO:0014069","RPL30"
"GO:0014069","RPL38"
"GO:0014069","RPL4"
"GO:0014069","RPL5"
"GO:0014069","RPL6"
"GO:0014069","RPL7"
"GO:0014069","RPL8"
"GO:0014069","RPLP0"
"GO:0014069","RPS13"
"GO:0014069","RPS14"
"GO:0014069","RPS18"
"GO:0014069","RPS19"
"GO:0014069","RPS25"
"GO:0014069","RPS27"
"GO:0014069","RPS3"
"GO:0014069","RPS6KA1"
"GO:0014069","RPS6KC1"
"GO:0014069","SAMD4A"
"GO:0014069","SH3KBP1"
"GO:0014069","SHANK1"
"GO:0014069","SHANK2"
"GO:0014069","SHANK3"
"GO:0014069","SHARPIN"
"GO:0014069","SLC6A9"
"GO:0014069","SNAP47"
"GO:0014069","SORCS2"
"GO:0014069","SOS1"
"GO:0014069","SPOCK1"
"GO:0014069","SRGAP2"
"GO:0014069","STAT3"
"GO:0014069","STRN"
"GO:0014069","SYNCRIP"
"GO:0014069","SYT1"
"GO:0014069","TACC3"
"GO:0014069","TAMALIN"
"GO:0014069","TANC2"
"GO:0014069","TSC1"
"GO:0014069","TSC2"
"GO:0014069","UBE2V1"
"GO:0014069","UCHL1"
"GO:0014069","USP8"
"GO:0014069","VAMP2"
"GO:0014069","VHL"
"GO:0014069","ZDHHC2"
"GO:0030285","ATP6AP1"
"GO:0030285","ATP6AP2"
"GO:0030285","ATP6V0A1"
"GO:0030285","ATP6V0A4"
"GO:0030285","ATP6V0C"
"GO:0030285","ATP6V0D1"
"GO:0030285","ATP6V0E2"
"GO:0030285","ATP8A1"
"GO:0030285","CACFD1"
"GO:0030285","CLCN3"
"GO:0030285","GPR151"
"GO:0030285","LAMP1"
"GO:0030285","MAL2"
"GO:0030285","OPRD1"
"GO:0030285","OPRK1"
"GO:0030285","OTOF"
"GO:0030285","PTPRN2"
"GO:0030285","SCAMP1"
"GO:0030285","SCAMP5"
"GO:0030285","SLC10A4"
"GO:0030285","SLC17A5"
"GO:0030285","SLC17A6"
"GO:0030285","SLC17A8"
"GO:0030285","SLC18A2"
"GO:0030285","SLC18A3"
"GO:0030285","SLC22A2"
"GO:0030285","SLC30A3"
"GO:0030285","SLC32A1"
"GO:0030285","SLC6A17"
"GO:0030285","SLC6A2"
"GO:0030285","SLC6A7"
"GO:0030285","SLC6A9"
"GO:0030285","STX12"
"GO:0030285","STX16"
"GO:0030285","STX1A"
"GO:0030285","STX6"
"GO:0030285","STX7"
"GO:0030285","SV2A"
"GO:0030285","SV2B"
"GO:0030285","SV2C"
"GO:0030285","SVOP"
"GO:0030285","SYNGR1"
"GO:0030285","SYNPR"
"GO:0030285","SYP"
"GO:0030285","SYPL1"
"GO:0030285","SYT1"
"GO:0030285","SYT11"
"GO:0030285","SYT12"
"GO:0030285","SYT2"
"GO:0030285","SYT9"
"GO:0030285","TMEM163"
"GO:0030285","TMEM230"
"GO:0030285","TRPM7"
"GO:0030285","VAMP1"
"GO:0030285","VAMP2"
"GO:0030285","VAMP3"
"GO:0030285","VAMP7"
"GO:0030285","VTI1A"
"GO:0030285","WFS1"
"GO:0030672","ANP32E"
"GO:0030672","ANXA5"
"GO:0030672","ARPC2"
"GO:0030672","ATG9A"
"GO:0030672","CDK16"
"GO:0030672","CLTA"
"GO:0030672","CLTB"
"GO:0030672","DNM1L"
"GO:0030672","DTNBP1"
"GO:0030672","GNAO1"
"GO:0030672","GNB2"
"GO:0030672","GNG7"
"GO:0030672","PHF24"
"GO:0030672","PPT1"
"GO:0030672","PRKN"
"GO:0030672","SH3GL2"
"GO:0030672","SLC17A7"
"GO:0030672","SNCA"
"GO:0030672","TAFA4"
"GO:0034592","PENK"
"GO:0042734","ATP2B1"
"GO:0042734","ATP2B2"
"GO:0042734","CTNNB1"
"GO:0042734","ENO1"
"GO:0042734","ENO2"
"GO:0042734","EXOC3"
"GO:0042734","GNAO1"
"GO:0042734","GNB5"
"GO:0042734","KCTD12"
"GO:0042734","KCTD16"
"GO:0042734","KCTD8"
"GO:0042734","NAPEPLD"
"GO:0042734","PEBP1"
"GO:0042734","PPFIA2"
"GO:0042734","PRRT2"
"GO:0042734","RGS7"
"GO:0042734","RGS9"
"GO:0042734","SEPTIN7"
"GO:0042734","SNPH"
"GO:0043083","ACHE"
"GO:0043083","APOE"
"GO:0043083","C1QL1"
"GO:0043083","C1QL2"
"GO:0043083","C1QL3"
"GO:0043083","C22ORF39"
"GO:0043083","CBLN1"
"GO:0043083","CBLN2"
"GO:0043083","CBLN3"
"GO:0043083","CBLN4"
"GO:0043083","COLQ"
"GO:0043083","LAMA2"
"GO:0043083","LAMA4"
"GO:0043083","LAMA5"
"GO:0043083","LAMB2"
"GO:0043083","LAMC1"
"GO:0043083","LGI1"
"GO:0043083","NPTX1"
"GO:0043083","NPTX2"
"GO:0043083","NXPH1"
"GO:0045202","ABLIM3"
"GO:0045202","ACTBL2"
"GO:0045202","ACTN1"
"GO:0045202","ADAMTS4"
"GO:0045202","ADD1"
"GO:0045202","ADGRB2"
"GO:0045202","ADORA2B"
"GO:0045202","ADORA3"
"GO:0045202","AGRN"
"GO:0045202","AKR1A1"
"GO:0045202","AP1G2"
"GO:0045202","AP1M1"
"GO:0045202","AP2A2"
"GO:0045202","AP2B1"
"GO:0045202","AP2M1"
"GO:0045202","AP2S1"
"GO:0045202","APH1B"
"GO:0045202","APOA4"
"GO:0045202","ARFGAP1"
"GO:0045202","ARHGDIA"
"GO:0045202","ARPC1A"
"GO:0045202","ARPC2"
"GO:0045202","ARPC5L"
"GO:0045202","ATG16L1"
"GO:0045202","ATG3"
"GO:0045202","ATG5"
"GO:0045202","ATP8A1"
"GO:0045202","AXIN1"
"GO:0045202","BCAS1"
"GO:0045202","BIN1"
"GO:0045202","BRINP1"
"GO:0045202","CALB2"
"GO:0045202","CAPRIN1"
"GO:0045202","CC2D1A"
"GO:0045202","CDH10"
"GO:0045202","CDH11"
"GO:0045202","CDH13"
"GO:0045202","CDH23"
"GO:0045202","CDH6"
"GO:0045202","CDH9"
"GO:0045202","CHRNA2"
"GO:0045202","CLU"
"GO:0045202","CNNM2"
"GO:0045202","CNTN1"
"GO:0045202","COL17A1"
"GO:0045202","COPS5"
"GO:0045202","CORO1A"
"GO:0045202","CORO1B"
"GO:0045202","CPNE4"
"GO:0045202","CPNE7"
"GO:0045202","CRELD1"
"GO:0045202","CYFIP2"
"GO:0045202","DAAM1"
"GO:0045202","DAB1"
"GO:0045202","DMTN"
"GO:0045202","DPP6"
"GO:0045202","DPYSL3"
"GO:0045202","DPYSL5"
"GO:0045202","DVL3"
"GO:0045202","EEF1A2"
"GO:0045202","EEF1D"
"GO:0045202","EEF2"
"GO:0045202","EIF1AX;EIF1AY"
"GO:0045202","EIF2S1"
"GO:0045202","EIF2S2"
"GO:0045202","EIF2S3"
"GO:0045202","EIF3B"
"GO:0045202","EIF3D"
"GO:0045202","EIF3F"
"GO:0045202","EIF3I"
"GO:0045202","EIF3L"
"GO:0045202","EIF4G3"
"GO:0045202","EIF5"
"GO:0045202","EIF5A"
"GO:0045202","EIF5B"
"GO:0045202","EIF6"
"GO:0045202","ELAVL2"
"GO:0045202","ELMO2"
"GO:0045202","ELMOD1"
"GO:0045202","EPS15"
"GO:0045202","FAM171B"
"GO:0045202","FBXL20"
"GO:0045202","FCHO2"
"GO:0045202","FGA"
"GO:0045202","FGB"
"GO:0045202","FGFR1"
"GO:0045202","FGFR2"
"GO:0045202","FGG"
"GO:0045202","FKBP1A"
"GO:0045202","FLOT1"
"GO:0045202","FLOT2"
"GO:0045202","FUBP1"
"GO:0045202","FZD4"
"GO:0045202","FZD5"
"GO:0045202","GABRA3"
"GO:0045202","GDI2"
"GO:0045202","GNAI3"
"GO:0045202","GNAZ"
"GO:0045202","GNB1"
"GO:0045202","GNB2"
"GO:0045202","GNB4"
"GO:0045202","GNB5"
"GO:0045202","GNG12"
"GO:0045202","GNG13"
"GO:0045202","GNG2"
"GO:0045202","GNG3"
"GO:0045202","GNG4"
"GO:0045202","GNG7"
"GO:0045202","GPC1"
"GO:0045202","GPC4"
"GO:0045202","GPC6"
"GO:0045202","GRN"
"GO:0045202","HABP4"
"GO:0045202","HAPLN1"
"GO:0045202","HNRNPA0"
"GO:0045202","HNRNPA1"
"GO:0045202","HNRNPD"
"GO:0045202","HNRNPDL"
"GO:0045202","HNRNPF"
"GO:0045202","HNRNPL"
"GO:0045202","HNRNPLL"
"GO:0045202","HNRNPM"
"GO:0045202","HNRNPUL1"
"GO:0045202","HNRNPUL2"
"GO:0045202","IL1RAP"
"GO:0045202","LIN7A"
"GO:0045202","LIN7C"
"GO:0045202","LRP4"
"GO:0045202","LRRTM4"
"GO:0045202","MADD"
"GO:0045202","MAGI3"
"GO:0045202","MAP1LC3A"
"GO:0045202","MLF2"
"GO:0045202","MYLK"
"GO:0045202","NAPG"
"GO:0045202","NCAN"
"GO:0045202","NDUFS7"
"GO:0045202","NINJ1"
"GO:0045202","NPTX2"
"GO:0045202","NRG3"
"GO:0045202","NTN1"
"GO:0045202","NUDT3"
"GO:0045202","NUFIP1"
"GO:0045202","NWD2"
"GO:0045202","NXPH4"
"GO:0045202","OGT"
"GO:0045202","PABPC1"
"GO:0045202","PAK5"
"GO:0045202","PCDH8"
"GO:0045202","PDE10A"
"GO:0045202","PGRMC2"
"GO:0045202","PHB1"
"GO:0045202","PLCXD3"
"GO:0045202","PLD1"
"GO:0045202","PLXNA1"
"GO:0045202","PPA2"
"GO:0045202","PPFIA2"
"GO:0045202","PPFIA3"
"GO:0045202","PPFIA4"
"GO:0045202","PPM1H"
"GO:0045202","PPP2CA"
"GO:0045202","PPP2R1A"
"GO:0045202","PPP2R1B"
"GO:0045202","PPP2R2A"
"GO:0045202","PPP3CA"
"GO:0045202","PPP3CB"
"GO:0045202","PPP3R1"
"GO:0045202","PRKAR1A"
"GO:0045202","PRKAR1B"
"GO:0045202","PRKAR2A"
"GO:0045202","PTPRZ1"
"GO:0045202","PURG"
"GO:0045202","QKI"
"GO:0045202","RAB18"
"GO:0045202","RAB1B"
"GO:0045202","RAB21"
"GO:0045202","RAB8A"
"GO:0045202","RABAC1"
"GO:0045202","RANBP6"
"GO:0045202","RAP2A"
"GO:0045202","RELA"
"GO:0045202","RELB"
"GO:0045202","RHEB"
"GO:0045202","RHOB"
"GO:0045202","RIMS4"
"GO:0045202","ROCK1"
"GO:0045202","RPL10"
"GO:0045202","RPL10A"
"GO:0045202","RPL11"
"GO:0045202","RPL12"
"GO:0045202","RPL13"
"GO:0045202","RPL13A"
"GO:0045202","RPL14"
"GO:0045202","RPL15"
"GO:0045202","RPL17"
"GO:0045202","RPL18"
"GO:0045202","RPL18A"
"GO:0045202","RPL19"
"GO:0045202","RPL21"
"GO:0045202","RPL22"
"GO:0045202","RPL23"
"GO:0045202","RPL23A"
"GO:0045202","RPL24"
"GO:0045202","RPL26"
"GO:0045202","RPL27"
"GO:0045202","RPL27A"
"GO:0045202","RPL28"
"GO:0045202","RPL29"
"GO:0045202","RPL3"
"GO:0045202","RPL30"
"GO:0045202","RPL31"
"GO:0045202","RPL32"
"GO:0045202","RPL34"
"GO:0045202","RPL35"
"GO:0045202","RPL35A"
"GO:0045202","RPL36"
"GO:0045202","RPL36A"
"GO:0045202","RPL37"
"GO:0045202","RPL37A"
"GO:0045202","RPL38"
"GO:0045202","RPL5"
"GO:0045202","RPL6"
"GO:0045202","RPL7"
"GO:0045202","RPL7A"
"GO:0045202","RPL8"
"GO:0045202","RPL9"
"GO:0045202","RPLP0"
"GO:0045202","RPLP1"
"GO:0045202","RPLP2"
"GO:0045202","RPS10"
"GO:0045202","RPS11"
"GO:0045202","RPS12"
"GO:0045202","RPS13"
"GO:0045202","RPS14"
"GO:0045202","RPS15"
"GO:0045202","RPS15A"
"GO:0045202","RPS16"
"GO:0045202","RPS17"
"GO:0045202","RPS18"
"GO:0045202","RPS19"
"GO:0045202","RPS2"
"GO:0045202","RPS20"
"GO:0045202","RPS21"
"GO:0045202","RPS23"
"GO:0045202","RPS24"
"GO:0045202","RPS25"
"GO:0045202","RPS26"
"GO:0045202","RPS27"
"GO:0045202","RPS27A"
"GO:0045202","RPS28"
"GO:0045202","RPS3"
"GO:0045202","RPS3A"
"GO:0045202","RPS4X"
"GO:0045202","RPS5"
"GO:0045202","RPS6KA1"
"GO:0045202","RPS6KA4"
"GO:0045202","RPS6KA6"
"GO:0045202","RPS6KB1"
"GO:0045202","RPS7"
"GO:0045202","RPS9"
"GO:0045202","RPSA"
"GO:0045202","RTN3"
"GO:0045202","SH3GL1"
"GO:0045202","SH3GL2"
"GO:0045202","SH3KBP1"
"GO:0045202","SLC16A1"
"GO:0045202","SLC18A1"
"GO:0045202","SLC3A2"
"GO:0045202","SLC6A11"
"GO:0045202","SLITRK5"
"GO:0045202","SNX14"
"GO:0045202","SPARC"
"GO:0045202","SQSTM1"
"GO:0045202","SRPX2"
"GO:0045202","STX2"
"GO:0045202","TAGLN3"
"GO:0045202","TBC1D24"
"GO:0045202","TDRD1"
"GO:0045202","TDRD5"
"GO:0045202","TDRD6"
"GO:0045202","TMEM30A"
"GO:0045202","TPD52"
"GO:0045202","TSC2"
"GO:0045202","TTYH1"
"GO:0045202","TUFM"
"GO:0045202","UBA52"
"GO:0045202","USP46"
"GO:0045202","VCAN"
"GO:0045202","VCP"
"GO:0045202","VCPIP1"
"GO:0045202","VGF"
"GO:0045202","VLDLR"
"GO:0045202","WASF2"
"GO:0045202","WDR1"
"GO:0045202","WIPF3"
"GO:0045202","WNT3A"
"GO:0045202","YBX1"
"GO:0045202","YBX3"
"GO:0045202","YWHAE"
"GO:0045202","YWHAG"
"GO:0045202","YWHAH"
"GO:0045202","YWHAQ"
"GO:0045211","CTNNB1"
"GO:0045211","DBN1"
"GO:0045211","GNAO1"
"GO:0045211","GNB5"
"GO:0045211","HIP1"
"GO:0045211","KCTD12"
"GO:0045211","KCTD16"
"GO:0045211","NAPEPLD"
"GO:0045211","NRGN"
"GO:0045211","NTRK2"
"GO:0045211","RGS7"
"GO:0045211","SNAP91"
"GO:0045211","SYT1"
"GO:0048786","APP"
"GO:0048786","ARFGAP3"
"GO:0048786","ARHGAP44"
"GO:0048786","C1QBP"
"GO:0048786","CACNA1B"
"GO:0048786","CD200"
"GO:0048786","CNTNAP1"
"GO:0048786","EHD1"
"GO:0048786","FLOT1"
"GO:0048786","MAP1A"
"GO:0048786","PHB2"
"GO:0048786","PI4K2A"
"GO:0048786","PPFIA3"
"GO:0048786","ROCK2"
"GO:0048786","SNAP47"
"GO:0048786","SYT1"
"GO:0048786","TRAPPC4"
"GO:0048786","TRIO"
"GO:0048786","UNC13A"
"GO:0048786","VPS11"
"GO:0048787","AFDN"
"GO:0048787","APBA1"
"GO:0048787","KCTD12"
"GO:0048787","KCTD8"
"GO:0048787","NAPA"
"GO:0048787","NAPB"
"GO:0048787","VDAC1"
"GO:0097060","ANXA1"
"GO:0097060","CDH8"
"GO:0097060","NPTN"
"GO:0097060","RALA"
"GO:0097060","RAP2A"
"GO:0097444","APLP2"
"GO:0097444","OPRD1"
"GO:0097444","OPRM1"
"GO:0097444","PPFIA1"
"GO:0097444","PPP1R9B"
"GO:0097444","SYNPO"
"GO:0098674","CADPS"
"GO:0098674","STXBP5"
"GO:0098793","AAK1"
"GO:0098793","ACTR2"
"GO:0098793","ACTR3"
"GO:0098793","ADD1;ADD2"
"GO:0098793","AMPH"
"GO:0098793","ANAPC1"
"GO:0098793","ANAPC10"
"GO:0098793","ANAPC11"
"GO:0098793","ANAPC13"
"GO:0098793","ANAPC15"
"GO:0098793","ANAPC16"
"GO:0098793","ANAPC2"
"GO:0098793","ANAPC4"
"GO:0098793","ANAPC5"
"GO:0098793","ANAPC7"
"GO:0098793","AP1G1"
"GO:0098793","AP1S1"
"GO:0098793","AP3B2"
"GO:0098793","AP3D1"
"GO:0098793","APBA2"
"GO:0098793","APBB1"
"GO:0098793","APPL1"
"GO:0098793","ARF6"
"GO:0098793","ARFGEF2"
"GO:0098793","ARPC1A"
"GO:0098793","ARPC2"
"GO:0098793","ARPC3"
"GO:0098793","ARPC4"
"GO:0098793","ARPC5"
"GO:0098793","ATG3"
"GO:0098793","ATG9A"
"GO:0098793","BACE1"
"GO:0098793","BASP1"
"GO:0098793","BDNF"
"GO:0098793","BIN1"
"GO:0098793","BRINP2"
"GO:0098793","BRSK2"
"GO:0098793","C22ORF39"
"GO:0098793","C4A"
"GO:0098793","C4B"
"GO:0098793","CACNB1"
"GO:0098793","CACNB4"
"GO:0098793","CADPS"
"GO:0098793","CADPS2"
"GO:0098793","CALY"
"GO:0098793","CAP1"
"GO:0098793","CAPN1"
"GO:0098793","CASK"
"GO:0098793","CASKIN1"
"GO:0098793","CBARP"
"GO:0098793","CD2AP"
"GO:0098793","CD44"
"GO:0098793","CD47"
"GO:0098793","CDC16"
"GO:0098793","CDC20"
"GO:0098793","CDC23"
"GO:0098793","CDC26"
"GO:0098793","CDC27"
"GO:0098793","CDK5R1"
"GO:0098793","CDK5R2"
"GO:0098793","CNRIP1"
"GO:0098793","CNTN6"
"GO:0098793","COPS4"
"GO:0098793","CPEB2"
"GO:0098793","CPLX1"
"GO:0098793","CPLX2"
"GO:0098793","CRMP1"
"GO:0098793","CYP46A1"
"GO:0098793","DAAM1"
"GO:0098793","DAO"
"GO:0098793","DBNL"
"GO:0098793","DCX"
"GO:0098793","DDHD2"
"GO:0098793","DDN"
"GO:0098793","DGKQ"
"GO:0098793","DISC1"
"GO:0098793","DNM3"
"GO:0098793","DOCK1"
"GO:0098793","DPYSL2"
"GO:0098793","DSTN"
"GO:0098793","DVL1"
"GO:0098793","DVL2"
"GO:0098793","EHD1"
"GO:0098793","EPB41L1"
"GO:0098793","EPHA3"
"GO:0098793","EPS15L1"
"GO:0098793","EXOC7"
"GO:0098793","FAAH"
"GO:0098793","FBXO45"
"GO:0098793","FLOT1"
"GO:0098793","FZR1"
"GO:0098793","GAD1"
"GO:0098793","GAD2"
"GO:0098793","GAP43"
"GO:0098793","GIPC1"
"GO:0098793","GIT1"
"GO:0098793","GIT2"
"GO:0098793","GNA11"
"GO:0098793","GNAI1"
"GO:0098793","GNAI2"
"GO:0098793","GNAI3"
"GO:0098793","GNAL;GNAS"
"GO:0098793","GNAQ"
"GO:0098793","GNB5"
"GO:0098793","GPM6A"
"GO:0098793","GRB2"
"GO:0098793","GRK2"
"GO:0098793","GRK3"
"GO:0098793","HIP1"
"GO:0098793","HSPA8"
"GO:0098793","IL13"
"GO:0098793","ITGA2"
"GO:0098793","KALRN"
"GO:0098793","KCNJ6"
"GO:0098793","KIF1B"
"GO:0098793","KIF21A"
"GO:0098793","KIF2C"
"GO:0098793","LINGO1"
"GO:0098793","LRFN2"
"GO:0098793","MAGI1"
"GO:0098793","MAP1LC3B"
"GO:0098793","METTL5"
"GO:0098793","MGLL"
"GO:0098793","MRTFA"
"GO:0098793","MRTFB"
"GO:0098793","NAPA"
"GO:0098793","NAPB"
"GO:0098793","NECAB2"
"GO:0098793","NECAP1"
"GO:0098793","NGF"
"GO:0098793","NOS1AP"
"GO:0098793","NPTX2"
"GO:0098793","NPY2R"
"GO:0098793","NPY5R"
"GO:0098793","NTF3"
"GO:0098793","NTF4"
"GO:0098793","NTRK2"
"GO:0098793","OPHN1"
"GO:0098793","PARK7"
"GO:0098793","PDLIM5"
"GO:0098793","PFN1"
"GO:0098793","PFN2"
"GO:0098793","PGK1"
"GO:0098793","PPFIA4"
"GO:0098793","PPFIBP2"
"GO:0098793","PPP1CA"
"GO:0098793","PPP1CC"
"GO:0098793","PPP1R9A"
"GO:0098793","PRAF2"
"GO:0098793","PRKACA"
"GO:0098793","PRKN"
"GO:0098793","PRNP"
"GO:0098793","PRSS12"
"GO:0098793","PRUNE2"
"GO:0098793","PSEN1"
"GO:0098793","PTK2B"
"GO:0098793","PTN"
"GO:0098793","PTPRN2"
"GO:0098793","RAB1A"
"GO:0098793","RAB33B"
"GO:0098793","RAB6A"
"GO:0098793","RAB6B"
"GO:0098793","RAB8B"
"GO:0098793","RABAC1"
"GO:0098793","RAPGEF4"
"GO:0098793","RGS4"
"GO:0098793","RGS7"
"GO:0098793","RGS7BP"
"GO:0098793","RMDN3"
"GO:0098793","RNF138"
"GO:0098793","RNF216"
"GO:0098793","RNF34"
"GO:0098793","ROGDI"
"GO:0098793","RPS27"
"GO:0098793","RTN3"
"GO:0098793","RTN4R"
"GO:0098793","S1PR1"
"GO:0098793","S1PR2"
"GO:0098793","S1PR3"
"GO:0098793","S1PR4"
"GO:0098793","S1PR5"
"GO:0098793","SCRN1"
"GO:0098793","SDCBP"
"GO:0098793","SEMA7A"
"GO:0098793","SEPTIN2"
"GO:0098793","SEPTIN3"
"GO:0098793","SEPTIN4"
"GO:0098793","SEPTIN5"
"GO:0098793","SEPTIN6"
"GO:0098793","SEPTIN8"
"GO:0098793","SEPTIN9"
"GO:0098793","SGIP1"
"GO:0098793","SH3GL1"
"GO:0098793","SHH"
"GO:0098793","SHROOM4"
"GO:0098793","SIPA1L2"
"GO:0098793","SLC24A2"
"GO:0098793","SLC29A1"
"GO:0098793","SLC2A4"
"GO:0098793","SLC9A6"
"GO:0098793","SNAPIN"
"GO:0098793","SNX9"
"GO:0098793","SPHK1"
"GO:0098793","SPTBN2"
"GO:0098793","SRCIN1"
"GO:0098793","SRPK2"
"GO:0098793","STON2"
"GO:0098793","STX3"
"GO:0098793","STXBP5"
"GO:0098793","SUMO2"
"GO:0098793","SYAP1"
"GO:0098793","SYNJ1"
"GO:0098793","SYNJ2"
"GO:0098793","SYT10"
"GO:0098793","SYT17"
"GO:0098793","THY1"
"GO:0098793","TLN2"
"GO:0098793","TNIK"
"GO:0098793","TRPC5"
"GO:0098793","UBE2M"
"GO:0098793","UNC13B"
"GO:0098793","UNC13C"
"GO:0098793","VAMP1"
"GO:0098793","VPS16"
"GO:0098793","VPS18"
"GO:0098793","VPS35"
"GO:0098793","VPS52"
"GO:0098793","WDFY3"
"GO:0098793","YKT6"
"GO:0098793","YWHAG"
"GO:0098793","YWHAH"
"GO:0098794","ABI3"
"GO:0098794","ABL2"
"GO:0098794","ACTR2"
"GO:0098794","ACTR3"
"GO:0098794","ADAM10"
"GO:0098794","ADD1;ADD2"
"GO:0098794","ADD2"
"GO:0098794","AGAP2"
"GO:0098794","AGO2"
"GO:0098794","ALK"
"GO:0098794","ANAPC1"
"GO:0098794","ANAPC10"
"GO:0098794","ANAPC11"
"GO:0098794","ANAPC13"
"GO:0098794","ANAPC15"
"GO:0098794","ANAPC16"
"GO:0098794","ANAPC2"
"GO:0098794","ANAPC4"
"GO:0098794","ANAPC5"
"GO:0098794","ANAPC7"
"GO:0098794","ANK3"
"GO:0098794","AP3D1"
"GO:0098794","APC"
"GO:0098794","APC2"
"GO:0098794","APPL1"
"GO:0098794","ARF6"
"GO:0098794","ARFGEF2"
"GO:0098794","ARHGAP12"
"GO:0098794","ARHGAP39"
"GO:0098794","ARHGEF15"
"GO:0098794","ARHGEF2"
"GO:0098794","ARPC1A"
"GO:0098794","ARPC2"
"GO:0098794","ARPC3"
"GO:0098794","ARPC4"
"GO:0098794","ARPC5"
"GO:0098794","ATAD1"
"GO:0098794","ATP1A3"
"GO:0098794","ATR"
"GO:0098794","BAALC"
"GO:0098794","BCL11A"
"GO:0098794","BCR"
"GO:0098794","BDNF"
"GO:0098794","BEGAIN"
"GO:0098794","BIN1"
"GO:0098794","BRAF"
"GO:0098794","BRK1"
"GO:0098794","C22ORF39"
"GO:0098794","C4A"
"GO:0098794","C4B"
"GO:0098794","C9ORF72"
"GO:0098794","CACNB1"
"GO:0098794","CALB1"
"GO:0098794","CALD1"
"GO:0098794","CAMK4"
"GO:0098794","CAMKV"
"GO:0098794","CAP1"
"GO:0098794","CAP2"
"GO:0098794","CAPN1"
"GO:0098794","CAPN2"
"GO:0098794","CAPRIN1"
"GO:0098794","CARMIL3"
"GO:0098794","CASK"
"GO:0098794","CASKIN1"
"GO:0098794","CBLB"
"GO:0098794","CD44"
"GO:0098794","CDC16"
"GO:0098794","CDC20"
"GO:0098794","CDC23"
"GO:0098794","CDC26"
"GO:0098794","CDC27"
"GO:0098794","CDC42"
"GO:0098794","CDH1"
"GO:0098794","CDK5"
"GO:0098794","CNN3"
"GO:0098794","COMT"
"GO:0098794","CPEB1"
"GO:0098794","CPEB2"
"GO:0098794","CPEB3"
"GO:0098794","CPEB4"
"GO:0098794","CPLX1"
"GO:0098794","CPLX2"
"GO:0098794","CPSF2"
"GO:0098794","CRMP1"
"GO:0098794","CSNK2A1"
"GO:0098794","CTTN"
"GO:0098794","CYFIP1"
"GO:0098794","CYP46A1"
"GO:0098794","CYTH2"
"GO:0098794","DACT1"
"GO:0098794","DBNL"
"GO:0098794","DCLK1"
"GO:0098794","DDN"
"GO:0098794","DGKQ"
"GO:0098794","DIP2A"
"GO:0098794","DIXDC1"
"GO:0098794","DMD"
"GO:0098794","DNAJB1"
"GO:0098794","DOCK1"
"GO:0098794","DOCK10"
"GO:0098794","DOCK4"
"GO:0098794","DSTN"
"GO:0098794","DTNB"
"GO:0098794","DYNLL2"
"GO:0098794","EEF1A1"
"GO:0098794","EIF1"
"GO:0098794","EIF1AX"
"GO:0098794","EIF1AY"
"GO:0098794","EIF2A"
"GO:0098794","EIF2B1"
"GO:0098794","EIF2B2"
"GO:0098794","EIF2B3"
"GO:0098794","EIF2B4"
"GO:0098794","EIF2B5"
"GO:0098794","EIF2S1"
"GO:0098794","EIF2S2"
"GO:0098794","EIF2S3"
"GO:0098794","EIF3A"
"GO:0098794","EIF3B"
"GO:0098794","EIF3C"
"GO:0098794","EIF3D"
"GO:0098794","EIF3E"
"GO:0098794","EIF3F"
"GO:0098794","EIF3H"
"GO:0098794","EIF3I"
"GO:0098794","EIF3K"
"GO:0098794","EIF3M"
"GO:0098794","EIF4A1"
"GO:0098794","EIF4B"
"GO:0098794","EIF4E"
"GO:0098794","EIF4EBP2"
"GO:0098794","EIF4G1"
"GO:0098794","ELAVL1"
"GO:0098794","ELMO1"
"GO:0098794","ENAH"
"GO:0098794","EPB41L1"
"GO:0098794","EPB41L3"
"GO:0098794","EPN1"
"GO:0098794","ERBIN"
"GO:0098794","EXOC7"
"GO:0098794","FAAH"
"GO:0098794","FGF22"
"GO:0098794","FGF7"
"GO:0098794","FGFR1"
"GO:0098794","FILIP1"
"GO:0098794","FLNA"
"GO:0098794","FMNL2"
"GO:0098794","FXR1"
"GO:0098794","FXR2"
"GO:0098794","FZD9"
"GO:0098794","FZR1"
"GO:0098794","GDA"
"GO:0098794","GIPC1"
"GO:0098794","GIT1"
"GO:0098794","GNA13"
"GO:0098794","GNAI1"
"GO:0098794","GNAI2"
"GO:0098794","GNAI3"
"GO:0098794","GNAL;GNAS"
"GO:0098794","GRIP1"
"GO:0098794","HIP1R"
"GO:0098794","HNRNPA3"
"GO:0098794","HNRNPAB"
"GO:0098794","HNRNPK"
"GO:0098794","HPCA"
"GO:0098794","HSPA8"
"GO:0098794","HTR4"
"GO:0098794","HUWE1"
"GO:0098794","ICAM5"
"GO:0098794","IMPA1"
"GO:0098794","INA"
"GO:0098794","IQGAP1"
"GO:0098794","JAK2"
"GO:0098794","KCNJ6"
"GO:0098794","KCTD8"
"GO:0098794","KIDINS220"
"GO:0098794","KIF17"
"GO:0098794","KIF1A"
"GO:0098794","KIF1B"
"GO:0098794","KIF2C"
"GO:0098794","KIF3A"
"GO:0098794","KIF3B"
"GO:0098794","KIFAP3"
"GO:0098794","KLHL17"
"GO:0098794","LAMP1"
"GO:0098794","LASP1"
"GO:0098794","LATS1"
"GO:0098794","LIMK1"
"GO:0098794","LNX1"
"GO:0098794","LRFN2"
"GO:0098794","LYPD6"
"GO:0098794","MAP1B"
"GO:0098794","MAP2"
"GO:0098794","MARK1"
"GO:0098794","MARK2"
"GO:0098794","MIB2"
"GO:0098794","MINK1"
"GO:0098794","MOB4"
"GO:0098794","MPP1"
"GO:0098794","MRTFA"
"GO:0098794","MRTFB"
"GO:0098794","MYO5A"
"GO:0098794","MYO5B"
"GO:0098794","MYO9A"
"GO:0098794","NACC1"
"GO:0098794","NAPA"
"GO:0098794","NAPB"
"GO:0098794","NCDN"
"GO:0098794","NCKAP1"
"GO:0098794","NCKIPSD"
"GO:0098794","NCS1"
"GO:0098794","NDFIP1"
"GO:0098794","NECAB2"
"GO:0098794","NEDD8"
"GO:0098794","NGDN"
"GO:0098794","NGEF"
"GO:0098794","NGF"
"GO:0098794","NOS1AP"
"GO:0098794","NR1D1"
"GO:0098794","NRG1"
"GO:0098794","NRGN"
"GO:0098794","NSMF"
"GO:0098794","NTF3"
"GO:0098794","NTF4"
"GO:0098794","NTRK2"
"GO:0098794","ORAI1"
"GO:0098794","ORAI2"
"GO:0098794","PABPC1"
"GO:0098794","PAK1"
"GO:0098794","PALM"
"GO:0098794","PALMD"
"GO:0098794","PARN"
"GO:0098794","PCDH15"
"GO:0098794","PDLIM5"
"GO:0098794","PDXP"
"GO:0098794","PFN1"
"GO:0098794","PFN2"
"GO:0098794","PHACTR1"
"GO:0098794","PICALM"
"GO:0098794","PIK3C3"
"GO:0098794","PLAT"
"GO:0098794","PLK2"
"GO:0098794","PPP1CA"
"GO:0098794","PPP1CC"
"GO:0098794","PPP1R1B"
"GO:0098794","PRAF2"
"GO:0098794","PRIMA1"
"GO:0098794","PRKACA"
"GO:0098794","PRKAR1B"
"GO:0098794","PRKAR2B"
"GO:0098794","PRKN"
"GO:0098794","PRMT8"
"GO:0098794","PSD2"
"GO:0098794","PSD3"
"GO:0098794","PSEN1"
"GO:0098794","PTK2"
"GO:0098794","PTK2B"
"GO:0098794","PTN"
"GO:0098794","PTPN1"
"GO:0098794","PUM2"
"GO:0098794","PURA"
"GO:0098794","RAB17"
"GO:0098794","RAC1"
"GO:0098794","RAC3"
"GO:0098794","RACK1"
"GO:0098794","RAI14"
"GO:0098794","RAPGEF2"
"GO:0098794","RASGRF1"
"GO:0098794","RASGRF2"
"GO:0098794","RGS12"
"GO:0098794","RGS14"
"GO:0098794","RGS17"
"GO:0098794","RGS7BP"
"GO:0098794","RHOA"
"GO:0098794","RHOG"
"GO:0098794","RMDN3"
"GO:0098794","RNF138"
"GO:0098794","RNF220"
"GO:0098794","ROR2"
"GO:0098794","RPL8"
"GO:0098794","RPLP0"
"GO:0098794","RPS23P1"
"GO:0098794","RPS6KB1"
"GO:0098794","RTN4"
"GO:0098794","SEPTIN11"
"GO:0098794","SH2D5"
"GO:0098794","SH3GL2"
"GO:0098794","SHH"
"GO:0098794","SHROOM4"
"GO:0098794","SIGMAR1"
"GO:0098794","SIPA1L1"
"GO:0098794","SLC18A2"
"GO:0098794","SLC24A2"
"GO:0098794","SLC29A1"
"GO:0098794","SMCR8"
"GO:0098794","SMO"
"GO:0098794","SNAP23"
"GO:0098794","SNX27"
"GO:0098794","SPTAN1"
"GO:0098794","SPTB"
"GO:0098794","SPTBN1"
"GO:0098794","SRCIN1"
"GO:0098794","SRGAP3"
"GO:0098794","STAU2"
"GO:0098794","STIM1"
"GO:0098794","STIM2"
"GO:0098794","STRN"
"GO:0098794","STRN3"
"GO:0098794","STRN4"
"GO:0098794","STX3"
"GO:0098794","STX4"
"GO:0098794","SUMO2"
"GO:0098794","SWAP70"
"GO:0098794","SYT11"
"GO:0098794","SYT17"
"GO:0098794","SYT3"
"GO:0098794","TAOK2"
"GO:0098794","TENT2"
"GO:0098794","TFRC"
"GO:0098794","THY1"
"GO:0098794","TRAF6"
"GO:0098794","TRIM3"
"GO:0098794","TRIM47"
"GO:0098794","TRIO"
"GO:0098794","TRIOBP"
"GO:0098794","TSPAN7"
"GO:0098794","UBE2M"
"GO:0098794","UBE2N"
"GO:0098794","UBE3B"
"GO:0098794","USP9X"
"GO:0098794","VASP"
"GO:0098794","VEZT"
"GO:0098794","VPS35"
"GO:0098794","VPS52"
"GO:0098794","WASF1"
"GO:0098794","WASF3"
"GO:0098794","WASL"
"GO:0098794","WLS"
"GO:0098794","ZDHHC5"
"GO:0098794","ZDHHC8"
"GO:0098794","ZNF804A"
"GO:0098830","AP3D1"
"GO:0098830","CTSD"
"GO:0098830","EEA1"
"GO:0098830","PIK3C3"
"GO:0098830","RAB11A"
"GO:0098830","RAB5A"
"GO:0098830","RAB7A"
"GO:0098830","RABGEF1"
"GO:0098830","SNX16"
"GO:0098830","SNX4"
"GO:0098830","VAC14"
"GO:0098831","BSN"
"GO:0098831","CTBP1"
"GO:0098831","CTBP2"
"GO:0098831","CTNNA2"
"GO:0098831","CTNNB1"
"GO:0098831","CTNND1"
"GO:0098831","ERC1"
"GO:0098831","ERC2"
"GO:0098831","GUCY1B1"
"GO:0098831","IQSEC2"
"GO:0098831","NR3C2"
"GO:0098831","OSBPL2"
"GO:0098831","PCLO"
"GO:0098831","PPFIA3"
"GO:0098831","RIMBP2"
"GO:0098831","RIMS1"
"GO:0098831","RIMS2"
"GO:0098831","STXBP1"
"GO:0098831","SYDE1;SYDE2"
"GO:0098831","TSPOAP1;RIMBP2"
"GO:0098833","AMPH"
"GO:0098833","ITSN1"
"GO:0098833","MYO6"
"GO:0098833","PACSIN1"
"GO:0098833","VPS35"
"GO:0098835","CLTA"
"GO:0098835","CLTB"
"GO:0098835","CLTC"
"GO:0098835","DNM1"
"GO:0098835","DNM1L"
"GO:0098835","PIP5K1C"
"GO:0098835","TBC1D24"
"GO:0098837","AP3M1"
"GO:0098837","RAB11A"
"GO:0098837","SNX27"
"GO:0098837","VPS26B"
"GO:0098839","ACTN2"
"GO:0098839","AFDN"
"GO:0098839","ANP32E"
"GO:0098839","ARC"
"GO:0098839","IQSEC2"
"GO:0098839","PACSIN1"
"GO:0098839","RGS9"
"GO:0098839","TRAPPC4"
"GO:0098842","EEA1"
"GO:0098842","SNX27"
"GO:0098842","SNX6"
"GO:0098842","VPS26B"
"GO:0098843","AMPH"
"GO:0098843","AP2A1"
"GO:0098843","AP2B1"
"GO:0098843","CALY"
"GO:0098843","CLTA"
"GO:0098843","CLTC"
"GO:0098843","DNM2"
"GO:0098843","EPN2"
"GO:0098843","EPS15"
"GO:0098843","FCHO1"
"GO:0098843","HIP1R"
"GO:0098843","ITSN1"
"GO:0098843","NRN1"
"GO:0098843","PICALM"
"GO:0098843","PICK1"
"GO:0098843","RNF216"
"GO:0098843","SH3GLB2"
"GO:0098843","SYNE1"
"GO:0098844","DNM3"
"GO:0098844","RAB5A"
"GO:0098845","AGAP1"
"GO:0098845","ARC"
"GO:0098845","CLSTN1"
"GO:0098845","COMMD1"
"GO:0098845","KIF21B"
"GO:0098845","NSG1"
"GO:0098845","PIK3C3"
"GO:0098845","SH3GL3"
"GO:0098845","SNX17"
"GO:0098845","VPS26A"
"GO:0098845","VPS26C"
"GO:0098845","VPS29"
"GO:0098845","VPS35L"
"GO:0098850","AMPH"
"GO:0098850","ATM"
"GO:0098850","ATP6V0B"
"GO:0098850","ATP6V1A"
"GO:0098850","ATP6V1B1"
"GO:0098850","ATP6V1B2"
"GO:0098850","ATP6V1C1"
"GO:0098850","ATP6V1D"
"GO:0098850","ATP6V1E1"
"GO:0098850","ATP6V1F"
"GO:0098850","ATP6V1G1"
"GO:0098850","ATP6V1G2"
"GO:0098850","ATP6V1H"
"GO:0098850","ATR"
"GO:0098850","BIN1"
"GO:0098850","BTBD8"
"GO:0098850","CLTC"
"GO:0098850","DOC2A"
"GO:0098850","DOC2B"
"GO:0098850","GAPDH"
"GO:0098850","RPH3A"
"GO:0098850","SGTA"
"GO:0098850","SNAP29"
"GO:0098850","SYN1"
"GO:0098850","SYN2"
"GO:0098850","SYN3"
"GO:0098850","TPRG1L"
"GO:0098871","ABI2"
"GO:0098871","ACTB"
"GO:0098871","ACTG1"
"GO:0098871","ACTN1"
"GO:0098871","ACTN2"
"GO:0098871","ACTN4"
"GO:0098871","CTTN"
"GO:0098871","CTTNBP2"
"GO:0098871","DBN1"
"GO:0098871","FAM107A"
"GO:0098871","FILIP1"
"GO:0098871","ITPKA"
"GO:0098871","ITSN1"
"GO:0098871","KPTN"
"GO:0098871","MYH10"
"GO:0098871","MYO5A"
"GO:0098871","MYO5B"
"GO:0098871","MYO6"
"GO:0098871","MYO9B"
"GO:0098871","PPP1R9A"
"GO:0098871","SYNE1"
"GO:0098888","C1QA"
"GO:0098888","C1QB"
"GO:0098888","C1QC"
"GO:0098888","CTNNA2"
"GO:0098888","CYTH1"
"GO:0098888","KCNIP3"
"GO:0098888","SNAP25"
"GO:0098888","STXBP1"
"GO:0098888","STXBP5"
"GO:0098890","C1QA"
"GO:0098890","C1QB"
"GO:0098890","C1QC"
"GO:0098890","CRKL"
"GO:0098890","CTNNA2"
"GO:0098890","FARP1"
"GO:0098890","FBXO2"
"GO:0098890","KCNIP1"
"GO:0098890","KCNIP2"
"GO:0098890","KCNIP3"
"GO:0098890","KCNIP4"
"GO:0098890","MAGI2"
"GO:0098890","NBEA"
"GO:0098890","PPP1R9B"
"GO:0098890","TENM2"
"GO:0098890","VWC2"
"GO:0098891","DGKI"
"GO:0098891","PHB1"
"GO:0098891","RIMS1"
"GO:0098892","CYTH2"
"GO:0098892","NPTX2"
"GO:0098894","AMPH"
"GO:0098894","AP2B1"
"GO:0098894","AP2M1"
"GO:0098894","AP2S1"
"GO:0098894","CTBP1"
"GO:0098894","DNAJC6"
"GO:0098894","EPN1"
"GO:0098894","EPS15;EPS15L1"
"GO:0098894","PICALM"
"GO:0098894","SNAP91"
"GO:0098895","ANP32E"
"GO:0098895","MKLN1"
"GO:0098944","MYO5B"
"GO:0098944","RAB11FIP3"
"GO:0098944","TMUB1"
"GO:0098965","AGRN"
"GO:0098965","LAMA5"
"GO:0098965","MMP9"
"GO:0098965","SPARCL1"
"GO:0098965","TNC"
"GO:0098966","ACAN"
"GO:0098966","BCAN"
"GO:0098966","HAPLN4"
"GO:0098966","NCAN"
"GO:0098966","SLIT2"
"GO:0098966","TNC"
"GO:0098966","TNR"
"GO:0098992","ADRB1"
"GO:0098992","ADRB2"
"GO:0098992","APP"
"GO:0098992","AVP"
"GO:0098992","BDNF"
"GO:0098992","CACNA2D1"
"GO:0098992","CALCA"
"GO:0098992","CALCRL"
"GO:0098992","DMXL2"
"GO:0098992","DVL1"
"GO:0098992","FZD8"
"GO:0098992","GNAI2"
"GO:0098992","GRP"
"GO:0098992","HTR1D"
"GO:0098992","NPFF"
"GO:0098992","NPY"
"GO:0098992","NPY1R"
"GO:0098992","OPRD1"
"GO:0098992","OXT"
"GO:0098992","P2RX2"
"GO:0098992","PDYN"
"GO:0098992","PLAT"
"GO:0098992","PLCB2"
"GO:0098992","SCG2"
"GO:0098992","SLC18A2"
"GO:0098992","SST"
"GO:0098992","STXBP5L"
"GO:0098992","TAC1"
"GO:0098993","CPLX3"
"GO:0098993","DENND1A"
"GO:0098993","DNAJC5"
"GO:0098993","RAB10"
"GO:0098993","RAB11A"
"GO:0098993","RAB11B"
"GO:0098993","RAB14"
"GO:0098993","RAB26"
"GO:0098993","RAB27B"
"GO:0098993","RAB2A"
"GO:0098993","RAB35"
"GO:0098993","RAB3A"
"GO:0098993","RAB3B"
"GO:0098993","RAB3C"
"GO:0098993","RAB4A"
"GO:0098993","RAB4B"
"GO:0098993","RAB5A"
"GO:0098993","RAB5B"
"GO:0098993","RAB5C"
"GO:0098993","RAB7A"
"GO:0098993","RAC1"
"GO:0098998","GRIPAP1"
"GO:0098999","SNX1"
"GO:0099013","ADCYAP1"
"GO:0099013","CCK"
"GO:0099013","CRH"
"GO:0099013","GHRL"
"GO:0099013","HCRT"
"GO:0099013","IGF1"
"GO:0099013","PDYN"
"GO:0099013","PENK"
"GO:0099025","CACNA2D1"
"GO:0099025","CNTN1"
"GO:0099025","CNTN2"
"GO:0099025","LSAMP"
"GO:0099025","MARCKS"
"GO:0099025","RAC1"
"GO:0099026","CNTN1"
"GO:0099026","CNTN5"
"GO:0099026","CNTN6"
"GO:0099026","GPC4"
"GO:0099026","LSAMP"
"GO:0099026","MARCKS"
"GO:0099026","MARCKSL1"
"GO:0099026","RAC1"
"GO:0099026","RGS7BP"
"GO:0099026","SNAP25"
"GO:0099029","CACNA2D1"
"GO:0099029","CACNA2D2"
"GO:0099029","CACNA2D3"
"GO:0099029","CPLX3"
"GO:0099029","FLOT2"
"GO:0099029","NTM"
"GO:0099029","NTNG1"
"GO:0099029","NTNG2"
"GO:0099031","ABHD17A"
"GO:0099031","ABHD17B"
"GO:0099031","DLG2"
"GO:0099031","DLG4"
"GO:0099031","IGSF21"
"GO:0099031","LZTS1"
"GO:0099031","MDGA1"
"GO:0099031","MDGA2"
"GO:0099031","MPP2"
"GO:0099031","NTM"
"GO:0099031","RGS7BP"
"GO:0099033","ABHD17A"
"GO:0099033","ABHD17B"
"GO:0099055","ABHD6"
"GO:0099055","ADGRB1"
"GO:0099055","ADGRL2"
"GO:0099055","ADGRL3"
"GO:0099055","ADORA1"
"GO:0099055","ADORA2A"
"GO:0099055","ADRA1A"
"GO:0099055","ADRA2A"
"GO:0099055","ADRA2C"
"GO:0099055","ADRB2"
"GO:0099055","ATP2B2"
"GO:0099055","CACNA1A"
"GO:0099055","CACNA1C"
"GO:0099055","CACNA1D"
"GO:0099055","CACNA1E"
"GO:0099055","CACNA1H"
"GO:0099055","CACNG5"
"GO:0099055","CADM1"
"GO:0099055","CADM2"
"GO:0099055","CANX"
"GO:0099055","CDH2"
"GO:0099055","CDH9"
"GO:0099055","CHRM1"
"GO:0099055","CHRM2"
"GO:0099055","CHRM5"
"GO:0099055","CHRNA6"
"GO:0099055","CHRNA7"
"GO:0099055","CLCN2"
"GO:0099055","CLCN3"
"GO:0099055","CLMP"
"GO:0099055","CNR2"
"GO:0099055","CSPG5"
"GO:0099055","DAGLA"
"GO:0099055","DRD1"
"GO:0099055","DRD2"
"GO:0099055","DRD4"
"GO:0099055","EPHA4"
"GO:0099055","EPHB2"
"GO:0099055","FLRT2"
"GO:0099055","FLRT3"
"GO:0099055","FXYD6"
"GO:0099055","GABBR1"
"GO:0099055","GABBR2"
"GO:0099055","GABRA5"
"GO:0099055","GABRB3"
"GO:0099055","GABRD"
"GO:0099055","GABRE"
"GO:0099055","GABRR3"
"GO:0099055","GPER1"
"GO:0099055","GRIA1"
"GO:0099055","GRIA2"
"GO:0099055","GRIA3"
"GO:0099055","GRID1"
"GO:0099055","GRIK2"
"GO:0099055","GRIK4"
"GO:0099055","GRIK5"
"GO:0099055","GRM1"
"GO:0099055","GRM2"
"GO:0099055","GRM3"
"GO:0099055","GRM5"
"GO:0099055","HAS2"
"GO:0099055","HCN1"
"GO:0099055","HTR2A"
"GO:0099055","HTR3A"
"GO:0099055","HTR7"
"GO:0099055","ITGA3"
"GO:0099055","ITGA5"
"GO:0099055","ITGB1"
"GO:0099055","ITGB4"
"GO:0099055","KCNA1"
"GO:0099055","KCNA2"
"GO:0099055","KCNA3"
"GO:0099055","KCNA4"
"GO:0099055","KCNC1"
"GO:0099055","KCNC3"
"GO:0099055","KCNC4"
"GO:0099055","KCND2"
"GO:0099055","KCNJ2"
"GO:0099055","KCNJ4"
"GO:0099055","KCNN2"
"GO:0099055","KCNQ2"
"GO:0099055","KCNQ3"
"GO:0099055","KCNQ5"
"GO:0099055","LPAR1"
"GO:0099055","LRRTM1"
"GO:0099055","NCAM1"
"GO:0099055","NRCAM"
"GO:0099055","NRP1"
"GO:0099055","NRP2"
"GO:0099055","NTRK3"
"GO:0099055","OPRK1"
"GO:0099055","OPRM1"
"GO:0099055","P2RX1"
"GO:0099055","PCDH10"
"GO:0099055","PCDH17"
"GO:0099055","PCDH8"
"GO:0099055","PLXNB1"
"GO:0099055","PRRT1"
"GO:0099055","PTCH1"
"GO:0099055","PTCHD1"
"GO:0099055","SDC2"
"GO:0099055","SEMA4D"
"GO:0099055","SEZ6L"
"GO:0099055","SLC1A1"
"GO:0099055","SLC1A6"
"GO:0099055","SLC1A7"
"GO:0099055","SLC6A1"
"GO:0099055","SLC6A11"
"GO:0099055","SLC6A3"
"GO:0099055","SLC6A4"
"GO:0099055","SLC6A6"
"GO:0099055","SLC6A8"
"GO:0099055","SLC6A9"
"GO:0099055","SLC8A1"
"GO:0099055","SLC8A2"
"GO:0099055","SLC8A3"
"GO:0099055","SLITRK1"
"GO:0099055","SLITRK2"
"GO:0099055","SLITRK3"
"GO:0099055","STX4"
"GO:0099055","SUSD4"
"GO:0099055","TACR1"
"GO:0099055","TRPC1"
"GO:0099055","TRPV1"
"GO:0099056","ABCC8"
"GO:0099056","ADAM23"
"GO:0099056","ADCY8"
"GO:0099056","ADGRL1"
"GO:0099056","ADORA1"
"GO:0099056","ADORA2A"
"GO:0099056","ADRA1A"
"GO:0099056","ANO1"
"GO:0099056","ANO2"
"GO:0099056","APH1A"
"GO:0099056","ATP1A3"
"GO:0099056","ATP2B3"
"GO:0099056","CACNA1B"
"GO:0099056","CACNA1C"
"GO:0099056","CACNA1E"
"GO:0099056","CACNB3"
"GO:0099056","CADM1"
"GO:0099056","CADM3"
"GO:0099056","CASR"
"GO:0099056","CDH2"
"GO:0099056","CDH9"
"GO:0099056","CHRM1"
"GO:0099056","CHRM2"
"GO:0099056","CHRM3"
"GO:0099056","CHRM4"
"GO:0099056","CHRM5"
"GO:0099056","CHRNA4"
"GO:0099056","CHRNA6"
"GO:0099056","CHRNA7"
"GO:0099056","CHRNB2"
"GO:0099056","CNR1"
"GO:0099056","CNTNAP2"
"GO:0099056","CNTNAP4"
"GO:0099056","CXADR"
"GO:0099056","DRD1"
"GO:0099056","DRD2"
"GO:0099056","DRD4"
"GO:0099056","DRD5"
"GO:0099056","EFNB1"
"GO:0099056","EFNB2"
"GO:0099056","EFNB3"
"GO:0099056","EPHA4"
"GO:0099056","EPHB2"
"GO:0099056","ERBB2"
"GO:0099056","ERBB4"
"GO:0099056","FLRT2"
"GO:0099056","FXYD6"
"GO:0099056","GABBR1"
"GO:0099056","GABBR2"
"GO:0099056","GABRA5"
"GO:0099056","GABRR1"
"GO:0099056","GLRA1"
"GO:0099056","GLRA3"
"GO:0099056","GPER1"
"GO:0099056","GPR151"
"GO:0099056","GRIA1"
"GO:0099056","GRIA2"
"GO:0099056","GRIA3"
"GO:0099056","GRIK1"
"GO:0099056","GRIK3"
"GO:0099056","GRIK4"
"GO:0099056","GRIK5"
"GO:0099056","GRIN1"
"GO:0099056","GRIN2A"
"GO:0099056","GRIN2B"
"GO:0099056","GRIN2D"
"GO:0099056","GRM2"
"GO:0099056","GRM3"
"GO:0099056","GRM7"
"GO:0099056","HAS2"
"GO:0099056","HTR1A"
"GO:0099056","HTR1B"
"GO:0099056","HTR2A"
"GO:0099056","HTR3A"
"GO:0099056","HTR7"
"GO:0099056","IGSF8"
"GO:0099056","KCNA1"
"GO:0099056","KCNA2"
"GO:0099056","KCNA3"
"GO:0099056","KCNA4"
"GO:0099056","KCNC1"
"GO:0099056","KCNC2"
"GO:0099056","KCNC3"
"GO:0099056","KCNC4"
"GO:0099056","KCNH1"
"GO:0099056","KCNJ11"
"GO:0099056","KCNJ3"
"GO:0099056","KCNJ6"
"GO:0099056","KCNJ9"
"GO:0099056","KCNQ5"
"GO:0099056","L1CAM"
"GO:0099056","LPAR1"
"GO:0099056","NCAM1"
"GO:0099056","NCSTN"
"GO:0099056","NGFR"
"GO:0099056","NPY1R"
"GO:0099056","NRXN1"
"GO:0099056","OPRD1"
"GO:0099056","OPRK1"
"GO:0099056","OPRM1"
"GO:0099056","P2RX3"
"GO:0099056","PCDH17"
"GO:0099056","PODXL"
"GO:0099056","PRRT2"
"GO:0099056","PSEN1"
"GO:0099056","PSEN2"
"GO:0099056","PSENEN"
"GO:0099056","PTPRD"
"GO:0099056","PTPRS"
"GO:0099056","SCN10A"
"GO:0099056","SCN11A"
"GO:0099056","SCN1A"
"GO:0099056","SCN2A"
"GO:0099056","SDC2"
"GO:0099056","SLC1A2"
"GO:0099056","SLC1A6"
"GO:0099056","SLC1A7"
"GO:0099056","SLC22A2"
"GO:0099056","SLC4A8"
"GO:0099056","SLC6A1"
"GO:0099056","SLC6A11"
"GO:0099056","SLC6A2"
"GO:0099056","SLC6A3"
"GO:0099056","SLC6A4"
"GO:0099056","SLC6A5"
"GO:0099056","SLC6A7"
"GO:0099056","SLC6A9"
"GO:0099056","STX1A"
"GO:0099056","SYT7"
"GO:0099056","TRPC1"
"GO:0099056","TRPC6"
"GO:0099056","VAPA;VAPB"
"GO:0099056","WLS"
"GO:0099059","ADRA2A"
"GO:0099059","ATP2B1"
"GO:0099059","ATP2B2"
"GO:0099059","ATP2B4"
"GO:0099059","CACNA1A"
"GO:0099059","CACNA1D"
"GO:0099059","CACNA1H"
"GO:0099059","CANX"
"GO:0099059","CDH10"
"GO:0099059","CELSR3"
"GO:0099059","CHRM2"
"GO:0099059","FZD3"
"GO:0099059","GABBR1"
"GO:0099059","GABRA2"
"GO:0099059","GABRA3"
"GO:0099059","GABRB1"
"GO:0099059","GABRB2"
"GO:0099059","GPM6A"
"GO:0099059","GRIA1"
"GO:0099059","GRIA2"
"GO:0099059","GRIA3"
"GO:0099059","GRIA4"
"GO:0099059","GRIN1"
"GO:0099059","GRIN2B"
"GO:0099059","GRIN2D"
"GO:0099059","GRIN3B"
"GO:0099059","GRM4"
"GO:0099059","GRM7"
"GO:0099059","GRM8"
"GO:0099059","HCN1"
"GO:0099059","ITGA3"
"GO:0099059","KCNJ8"
"GO:0099059","KCNMA1"
"GO:0099059","LPAR2"
"GO:0099059","LRFN3"
"GO:0099059","NECTIN1"
"GO:0099059","NPTN"
"GO:0099059","NRG1"
"GO:0099059","NRXN1"
"GO:0099059","NRXN2"
"GO:0099059","NRXN3"
"GO:0099059","P2RX1"
"GO:0099059","P2RX2"
"GO:0099059","P2RY1"
"GO:0099059","P2RY2"
"GO:0099059","P2RY4"
"GO:0099059","RYK"
"GO:0099059","SCN8A"
"GO:0099059","STX1A"
"GO:0099059","STX1B"
"GO:0099059","SYT11"
"GO:0099059","TENM3"
"GO:0099060","CDH10"
"GO:0099060","CHRNA1"
"GO:0099060","CHRNA10"
"GO:0099060","CHRNA3"
"GO:0099060","CHRNA4"
"GO:0099060","CHRNA7"
"GO:0099060","CHRNA9"
"GO:0099060","CHRNB1"
"GO:0099060","CHRNB2"
"GO:0099060","CHRNB4"
"GO:0099060","CHRND"
"GO:0099060","CHRNE"
"GO:0099060","EPHA7"
"GO:0099060","GABBR1"
"GO:0099060","GABRA1"
"GO:0099060","GABRA2"
"GO:0099060","GABRA3"
"GO:0099060","GABRA4"
"GO:0099060","GABRA5"
"GO:0099060","GABRA6"
"GO:0099060","GABRB1"
"GO:0099060","GABRB2"
"GO:0099060","GABRB3"
"GO:0099060","GABRG2"
"GO:0099060","GLRA1"
"GO:0099060","GLRA2"
"GO:0099060","GLRA3"
"GO:0099060","GLRA4"
"GO:0099060","GPR39"
"GO:0099060","HTR5A"
"GO:0099060","KCNB1"
"GO:0099060","KCND2"
"GO:0099060","KCND3"
"GO:0099060","LRFN3"
"GO:0099060","LRRTM1"
"GO:0099060","LRRTM2"
"GO:0099060","NLGN1"
"GO:0099060","NLGN2"
"GO:0099060","NLGN3"
"GO:0099060","NLGN4X"
"GO:0099060","NLGN4X;NLGN4Y"
"GO:0099060","P2RX6"
"GO:0099060","SHISA7"
"GO:0099060","SLC12A5"
"GO:0099060","SLITRK3"
"GO:0099061","ADAM11"
"GO:0099061","ADAM22"
"GO:0099061","ADCY1"
"GO:0099061","ADGRB3"
"GO:0099061","ADRA2A"
"GO:0099061","ADRA2C"
"GO:0099061","ASIC1"
"GO:0099061","ASIC2"
"GO:0099061","ATP2B2"
"GO:0099061","CACNG2"
"GO:0099061","CACNG3"
"GO:0099061","CACNG4"
"GO:0099061","CACNG7"
"GO:0099061","CACNG8"
"GO:0099061","CELSR3"
"GO:0099061","CHRM1"
"GO:0099061","CHRM3"
"GO:0099061","CHRM4"
"GO:0099061","CHRNA7"
"GO:0099061","CLSTN1"
"GO:0099061","CLSTN2"
"GO:0099061","CLSTN3"
"GO:0099061","CNIH2"
"GO:0099061","CRHR1"
"GO:0099061","CSMD2"
"GO:0099061","DCC"
"GO:0099061","DRD3"
"GO:0099061","DRD5"
"GO:0099061","EFNB2"
"GO:0099061","EFNB3"
"GO:0099061","ELFN1"
"GO:0099061","ELFN2"
"GO:0099061","EPHA7"
"GO:0099061","ERBB4"
"GO:0099061","FAIM2"
"GO:0099061","GPR158"
"GO:0099061","GRIA1"
"GO:0099061","GRIA2"
"GO:0099061","GRIA3"
"GO:0099061","GRIA4"
"GO:0099061","GRID1"
"GO:0099061","GRID2"
"GO:0099061","GRIK3"
"GO:0099061","GRIK5"
"GO:0099061","GRIN1"
"GO:0099061","GRIN2A"
"GO:0099061","GRIN2B"
"GO:0099061","GRIN2C"
"GO:0099061","GRIN2D"
"GO:0099061","GRIN3A"
"GO:0099061","GRIN3B"
"GO:0099061","GRM1"
"GO:0099061","GSG1L"
"GO:0099061","IGSF11"
"GO:0099061","IGSF9"
"GO:0099061","IL13RA1"
"GO:0099061","IL1RAPL1"
"GO:0099061","ITGA8"
"GO:0099061","KCNAB2"
"GO:0099061","KCNH1"
"GO:0099061","KCNT1"
"GO:0099061","LRFN1"
"GO:0099061","LRFN2"
"GO:0099061","LRFN3"
"GO:0099061","LRFN4"
"GO:0099061","LRFN5"
"GO:0099061","LRP1"
"GO:0099061","LRP8"
"GO:0099061","LRRC4"
"GO:0099061","LRRC4B"
"GO:0099061","LRRC4C"
"GO:0099061","LRRC7"
"GO:0099061","LRRTM2"
"GO:0099061","LRRTM3"
"GO:0099061","LRRTM4"
"GO:0099061","NECTIN3"
"GO:0099061","NEO1"
"GO:0099061","NETO1"
"GO:0099061","NETO2"
"GO:0099061","NLGN4X"
"GO:0099061","NOTCH1"
"GO:0099061","NOTCH2"
"GO:0099061","NPTN"
"GO:0099061","NRCAM"
"GO:0099061","NRG1"
"GO:0099061","NSG2"
"GO:0099061","OPRD1"
"GO:0099061","P2RX2"
"GO:0099061","P2RX4"
"GO:0099061","PLPPR4"
"GO:0099061","PRRT1"
"GO:0099061","PTPRF"
"GO:0099061","PTPRO"
"GO:0099061","PTPRT"
"GO:0099061","PTPRZ1"
"GO:0099061","ROBO2"
"GO:0099061","RTN4"
"GO:0099061","RYK"
"GO:0099061","SCN8A"
"GO:0099061","SEMA4B"
"GO:0099061","SEMA4C"
"GO:0099061","SEMA4F"
"GO:0099061","SHISA6"
"GO:0099061","SHISA9"
"GO:0099061","SLC16A7"
"GO:0099061","SLC30A1"
"GO:0099061","SLITRK1"
"GO:0099061","SLITRK3"
"GO:0099061","SLITRK5"
"GO:0099061","SORCS3"
"GO:0099061","STX1A"
"GO:0099061","SYNDIG1"
"GO:0099061","TMEM108"
"GO:0099061","TMEM240"
"GO:0099061","TRPC6"
"GO:0099061","VANGL1"
"GO:0099061","VANGL2"
"GO:0099061","VDAC1"
"GO:0099063","STX12"
"GO:0099063","TFRC"
"GO:0099065","CHRNA7"
"GO:0099065","CLSTN1"
"GO:0099066","PTPRN"
"GO:0099066","SLC18A2"
"GO:0099066","SYT4"
"GO:0099066","SYT5"
"GO:0099067","VAMP4"
"GO:0099067","VTI1B"
"GO:0099091","AKAP1"
"GO:0099091","GABARAP"
"GO:0099091","GPHN"
"GO:0099091","LCK"
"GO:0099091","LYN"
"GO:0099091","NOS1"
"GO:0099091","NSF"
"GO:0099091","SIPA1L3"
"GO:0099091","SRC"
"GO:0099091","YES1"
"GO:0099091","ZDHHC5"
"GO:0099092","ABR"
"GO:0099092","ACTN2"
"GO:0099092","AKAP5"
"GO:0099092","ANKS1B"
"GO:0099092","ARHGEF2"
"GO:0099092","BAIAP2"
"GO:0099092","BCR"
"GO:0099092","CABP1"
"GO:0099092","CASK"
"GO:0099092","CDKL5"
"GO:0099092","CFL1"
"GO:0099092","CRIPT"
"GO:0099092","CTNNA2"
"GO:0099092","CTNNB1"
"GO:0099092","CTNND1"
"GO:0099092","DICER1"
"GO:0099092","DLG1"
"GO:0099092","DLG3"
"GO:0099092","DLGAP1"
"GO:0099092","DLGAP2"
"GO:0099092","DNM2"
"GO:0099092","EXOC4"
"GO:0099092","FABP5"
"GO:0099092","FAM81A"
"GO:0099092","FYN"
"GO:0099092","GAPDH"
"GO:0099092","GRID2IP"
"GO:0099092","GRIP2"
"GO:0099092","INA"
"GO:0099092","IQSEC1"
"GO:0099092","IQSEC2"
"GO:0099092","LIN7B"
"GO:0099092","MMP9"
"GO:0099092","NOS1"
"GO:0099092","NR3C1"
"GO:0099092","NR3C2"
"GO:0099092","PRR7"
"GO:0099092","PSD"
"GO:0099092","PTK2B"
"GO:0099092","SH3GL1"
"GO:0099092","SH3GL3"
"GO:0099092","SHANK3"
"GO:0099092","SIPA1L2"
"GO:0099092","SNX1"
"GO:0099092","SYNGAP1"
"GO:0099092","TANC1"
"GO:0099092","TANC2"
"GO:0099092","TNIK"
"GO:0099092","USP6"
"GO:0099092","WWC1"
"GO:0099143","ACTG1"
"GO:0099143","FAM107A"
"GO:0099147","AKAP9"
"GO:0099147","CNKSR2"
"GO:0099147","DGKB"
"GO:0099147","DGKI"
"GO:0099147","FGF22"
"GO:0099147","OLFM1"
"GO:0099147","OLFM2"
"GO:0099147","PDE10A"
"GO:0099147","RNF10"
"GO:0099147","SCRIB"
"GO:0099147","TIAM1"
"GO:0099160","INA"
"GO:0099160","NEFH"
"GO:0099160","NEFL"
"GO:0099160","NEFM"
"GO:0099164","MKLN1"
"GO:0099182","NEFL"
"GO:0099182","NEFM"
"GO:0099189","SPTBN2"
"GO:0099243","EHBP1"
"GO:0099243","OLFM1"
"GO:0099243","SARM1"
"GO:0099523","ANKS1B"
"GO:0099523","ARL6IP5"
"GO:0099523","BAIAP2"
"GO:0099523","C9ORF72"
"GO:0099523","CALB1"
"GO:0099523","CALM1"
"GO:0099523","CALM2"
"GO:0099523","CALM3"
"GO:0099523","CAMK2A"
"GO:0099523","CSNK2B"
"GO:0099523","CTBP2"
"GO:0099523","ERC1"
"GO:0099523","FBXO45"
"GO:0099523","FMR1"
"GO:0099523","FUS"
"GO:0099523","GDA"
"GO:0099523","GDI1"
"GO:0099523","HAP1"
"GO:0099523","HNRNPAB"
"GO:0099523","HTT"
"GO:0099523","LRRK2"
"GO:0099523","MARCKS"
"GO:0099523","MARCKSL1"
"GO:0099523","NCS1"
"GO:0099523","NSF"
"GO:0099523","OGT"
"GO:0099523","PIAS1"
"GO:0099523","PIAS3"
"GO:0099523","PNKD"
"GO:0099523","PPFIA2"
"GO:0099523","PPP3CC"
"GO:0099523","PPT1"
"GO:0099523","PRKCA"
"GO:0099523","PRKCB"
"GO:0099523","PRKCE"
"GO:0099523","PRKCG"
"GO:0099523","RABEP1"
"GO:0099523","RAPH1"
"GO:0099523","SENP1"
"GO:0099523","SENP5"
"GO:0099523","SENP6"
"GO:0099523","SENP7"
"GO:0099523","SH3GL2"
"GO:0099523","SNCB"
"GO:0099523","STXBP1"
"GO:0099523","STXBP5"
"GO:0099523","SUMO1"
"GO:0099523","SUMO2"
"GO:0099523","SUMO3"
"GO:0099523","SYT1"
"GO:0099523","TH"
"GO:0099523","TNK2"
"GO:0099523","TRIM9"
"GO:0099523","UBE2I"
"GO:0099523","USP14"
"GO:0099524","ALDOC"
"GO:0099524","BAIAP2"
"GO:0099524","CALB1"
"GO:0099524","CALM1"
"GO:0099524","CALM2"
"GO:0099524","CALM3"
"GO:0099524","CAMK2A"
"GO:0099524","CAMK2D"
"GO:0099524","CAMK2G"
"GO:0099524","DAG1"
"GO:0099524","DBN1"
"GO:0099524","EIF4E"
"GO:0099524","EIF4EBP1"
"GO:0099524","FABP5"
"GO:0099524","FBXO45"
"GO:0099524","FMR1"
"GO:0099524","FUS"
"GO:0099524","GDA"
"GO:0099524","HAP1"
"GO:0099524","HNRNPA2B1"
"GO:0099524","HOMER1"
"GO:0099524","HTT"
"GO:0099524","KIF5A"
"GO:0099524","KIF5B"
"GO:0099524","KIF5C"
"GO:0099524","MTOR"
"GO:0099524","NCS1"
"GO:0099524","NEDD4"
"GO:0099524","OGT"
"GO:0099524","PHLDB2"
"GO:0099524","PIAS1"
"GO:0099524","PIAS3"
"GO:0099524","PIKFYVE"
"GO:0099524","PIN1"
"GO:0099524","PLCB1"
"GO:0099524","PLCB3"
"GO:0099524","PRKCD"
"GO:0099524","PRKCG"
"GO:0099524","PTEN"
"GO:0099524","RGS4"
"GO:0099524","RIMS3"
"GO:0099524","SENP1"
"GO:0099524","SENP5"
"GO:0099524","SENP6"
"GO:0099524","SENP7"
"GO:0099524","SUMO1"
"GO:0099524","SUMO2"
"GO:0099524","SUMO3"
"GO:0099524","SYT1"
"GO:0099524","TNK2"
"GO:0099524","UBE2I"
"GO:0099524","UBE3A"
"GO:0099524","VAMP2"
"GO:0099544","PLAT"
"GO:0099569","VAPA;VAPB"
"GO:0099571","MARCKS"
"GO:0099572","ARHGEF9"
"GO:0099572","DLGAP3"
"GO:0099572","DLGAP4"
"GO:0099572","DMD"
"GO:0099572","ERBIN"
"GO:0099572","GLRB"
"GO:0099572","INSYN1"
"GO:0099572","INSYN2A"
"GO:0099572","LHFPL4"
"GO:0099572","PICK1"
"GO:0099572","PPFIA2"
"GO:0099572","RNF34"
"GO:0099572","YWHAZ"
"GO:0099629","IGSF9B"
"GO:0099629","IQSEC3"
"GO:0099629","SEPTIN11"
"GO:0099634","HSPA8"
"GO:0099634","RAPSN"
"GO:0099699","ACP4"
"GO:0099699","ANO6"
"GO:0099699","ATG9A"
"GO:0099699","CADM4"
"GO:0099699","EGFR"
"GO:0099699","GABRG3"
"GO:0099699","GHSR"
"GO:0099699","ITGB1"
"GO:0099699","ITGB3"
"GO:0099699","ITGB5"
"GO:0099699","LINGO2"
"GO:0099699","NCAM2"
"GO:0099699","NFASC"
"GO:0099699","PCDH9"
"GO:0099699","PTPRA"
"GO:0099699","RAMP1"
"GO:0099699","SLC2A3"
"GO:0099699","SYT3"
"GO:0099699","SYT6"
"GO:0099699","SYT7"
"GO:0150050","SEPTIN7"
"GO:0150051","LMAN1"
"GO:0150051","MAPK10"
"GO:0150051","TGOLN2"
"GO:0150051","ZDHHC17"
"SYNGO:postsyn_er","CALR"
"SYNGO:postsyn_er","EIF2B2"
"SYNGO:postsyn_er","RTN1"
"SYNGO:postsyn_er","VAPB"
"SYNGO:postsyn_er_membrane_integral","CPT1C"
"SYNGO:postsyn_er_membrane_integral","FRRS1L"
"SYNGO:postsyn_er_membrane_integral","RYR1"
"SYNGO:postsyn_er_membrane_integral","RYR3"
"SYNGO:postsyn_proteasome","ADRM1"
"SYNGO:postsyn_proteasome","PSMA1"
"SYNGO:postsyn_proteasome","PSMA2"
"SYNGO:postsyn_proteasome","PSMA3"
"SYNGO:postsyn_proteasome","PSMA4"
"SYNGO:postsyn_proteasome","PSMA5"
"SYNGO:postsyn_proteasome","PSMA6"
"SYNGO:postsyn_proteasome","PSMA7"
"SYNGO:postsyn_proteasome","PSMA8"
"SYNGO:postsyn_proteasome","PSMB1"
"SYNGO:postsyn_proteasome","PSMB10"
"SYNGO:postsyn_proteasome","PSMB2"
"SYNGO:postsyn_proteasome","PSMB3"
"SYNGO:postsyn_proteasome","PSMB4"
"SYNGO:postsyn_proteasome","PSMB5"
"SYNGO:postsyn_proteasome","PSMB6"
"SYNGO:postsyn_proteasome","PSMB7"
"SYNGO:postsyn_proteasome","PSMB8"
"SYNGO:postsyn_proteasome","PSMB9"
"SYNGO:postsyn_proteasome","PSMC1"
"SYNGO:postsyn_proteasome","PSMC2"
"SYNGO:postsyn_proteasome","PSMC3"
"SYNGO:postsyn_proteasome","PSMC4"
"SYNGO:postsyn_proteasome","PSMC5"
"SYNGO:postsyn_proteasome","PSMC6"
"SYNGO:postsyn_proteasome","PSMD1"
"SYNGO:postsyn_proteasome","PSMD10"
"SYNGO:postsyn_proteasome","PSMD11"
"SYNGO:postsyn_proteasome","PSMD12"
"SYNGO:postsyn_proteasome","PSMD13"
"SYNGO:postsyn_proteasome","PSMD14"
"SYNGO:postsyn_proteasome","PSMD2"
"SYNGO:postsyn_proteasome","PSMD3"
"SYNGO:postsyn_proteasome","PSMD4"
"SYNGO:postsyn_proteasome","PSMD5"
"SYNGO:postsyn_proteasome","PSMD6"
"SYNGO:postsyn_proteasome","PSMD7"
"SYNGO:postsyn_proteasome","PSMD8"
"SYNGO:postsyn_proteasome","PSMD9"
"SYNGO:postsyn_proteasome","PSME1"
"SYNGO:postsyn_proteasome","PSME2"
"SYNGO:postsyn_proteasome","PSME3"
"SYNGO:postsyn_proteasome","PSME4"
"SYNGO:postsyn_proteasome","PSMF1"
"SYNGO:postsyn_proteasome","SEM1"
"SYNGO:postsyn_ribosome","FAU"
"SYNGO:postsyn_ribosome","RPL10"
"SYNGO:postsyn_ribosome","RPL10A"
"SYNGO:postsyn_ribosome","RPL10L"
"SYNGO:postsyn_ribosome","RPL11"
"SYNGO:postsyn_ribosome","RPL12"
"SYNGO:postsyn_ribosome","RPL13"
"SYNGO:postsyn_ribosome","RPL13A"
"SYNGO:postsyn_ribosome","RPL14"
"SYNGO:postsyn_ribosome","RPL15"
"SYNGO:postsyn_ribosome","RPL17"
"SYNGO:postsyn_ribosome","RPL18"
"SYNGO:postsyn_ribosome","RPL18A"
"SYNGO:postsyn_ribosome","RPL19"
"SYNGO:postsyn_ribosome","RPL21"
"SYNGO:postsyn_ribosome","RPL22"
"SYNGO:postsyn_ribosome","RPL22L1"
"SYNGO:postsyn_ribosome","RPL23"
"SYNGO:postsyn_ribosome","RPL23A"
"SYNGO:postsyn_ribosome","RPL24"
"SYNGO:postsyn_ribosome","RPL26"
"SYNGO:postsyn_ribosome","RPL26L1"
"SYNGO:postsyn_ribosome","RPL27"
"SYNGO:postsyn_ribosome","RPL27A"
"SYNGO:postsyn_ribosome","RPL28"
"SYNGO:postsyn_ribosome","RPL29"
"SYNGO:postsyn_ribosome","RPL3"
"SYNGO:postsyn_ribosome","RPL30"
"SYNGO:postsyn_ribosome","RPL31"
"SYNGO:postsyn_ribosome","RPL32"
"SYNGO:postsyn_ribosome","RPL34"
"SYNGO:postsyn_ribosome","RPL35"
"SYNGO:postsyn_ribosome","RPL35A"
"SYNGO:postsyn_ribosome","RPL36"
"SYNGO:postsyn_ribosome","RPL36A"
"SYNGO:postsyn_ribosome","RPL36AL"
"SYNGO:postsyn_ribosome","RPL37"
"SYNGO:postsyn_ribosome","RPL37A"
"SYNGO:postsyn_ribosome","RPL38"
"SYNGO:postsyn_ribosome","RPL39"
"SYNGO:postsyn_ribosome","RPL39L"
"SYNGO:postsyn_ribosome","RPL3L"
"SYNGO:postsyn_ribosome","RPL4"
"SYNGO:postsyn_ribosome","RPL41"
"SYNGO:postsyn_ribosome","RPL5"
"SYNGO:postsyn_ribosome","RPL6"
"SYNGO:postsyn_ribosome","RPL7"
"SYNGO:postsyn_ribosome","RPL7A"
"SYNGO:postsyn_ribosome","RPL7L1"
"SYNGO:postsyn_ribosome","RPL8"
"SYNGO:postsyn_ribosome","RPL9"
"SYNGO:postsyn_ribosome","RPLP0"
"SYNGO:postsyn_ribosome","RPLP1"
"SYNGO:postsyn_ribosome","RPLP2"
"SYNGO:postsyn_ribosome","RPS10"
"SYNGO:postsyn_ribosome","RPS11"
"SYNGO:postsyn_ribosome","RPS12"
"SYNGO:postsyn_ribosome","RPS13"
"SYNGO:postsyn_ribosome","RPS14"
"SYNGO:postsyn_ribosome","RPS15"
"SYNGO:postsyn_ribosome","RPS15A"
"SYNGO:postsyn_ribosome","RPS16"
"SYNGO:postsyn_ribosome","RPS17"
"SYNGO:postsyn_ribosome","RPS18"
"SYNGO:postsyn_ribosome","RPS19"
"SYNGO:postsyn_ribosome","RPS2"
"SYNGO:postsyn_ribosome","RPS20"
"SYNGO:postsyn_ribosome","RPS21"
"SYNGO:postsyn_ribosome","RPS23"
"SYNGO:postsyn_ribosome","RPS24"
"SYNGO:postsyn_ribosome","RPS25"
"SYNGO:postsyn_ribosome","RPS26"
"SYNGO:postsyn_ribosome","RPS27"
"SYNGO:postsyn_ribosome","RPS27A"
"SYNGO:postsyn_ribosome","RPS27L"
"SYNGO:postsyn_ribosome","RPS28"
"SYNGO:postsyn_ribosome","RPS29"
"SYNGO:postsyn_ribosome","RPS3"
"SYNGO:postsyn_ribosome","RPS3A"
"SYNGO:postsyn_ribosome","RPS4X"
"SYNGO:postsyn_ribosome","RPS4Y1"
"SYNGO:postsyn_ribosome","RPS4Y2"
"SYNGO:postsyn_ribosome","RPS5"
"SYNGO:postsyn_ribosome","RPS6"
"SYNGO:postsyn_ribosome","RPS7"
"SYNGO:postsyn_ribosome","RPS8"
"SYNGO:postsyn_ribosome","RPS9"
"SYNGO:postsyn_ribosome","RPSA"
"SYNGO:postsyn_ribosome","UBA52"
"SYNGO:postsyn_ser","MYO5A"
"SYNGO:postsyn_ser","PLCB4"
"SYNGO:postsyn_ser","PSEN1"
"SYNGO:postsyn_ser_membrane_integral","ITPR1"
"SYNGO:presyn_er","VAPB"
"SYNGO:presyn_er_membrane_integral","ITPR3"
"SYNGO:presyn_er_membrane_integral","RYR1"
"SYNGO:presyn_er_membrane_integral","RYR2"
"SYNGO:presyn_proteasome","ADRM1"
"SYNGO:presyn_proteasome","PSMA1"
"SYNGO:presyn_proteasome","PSMA2"
"SYNGO:presyn_proteasome","PSMA3"
"SYNGO:presyn_proteasome","PSMA4"
"SYNGO:presyn_proteasome","PSMA5"
"SYNGO:presyn_proteasome","PSMA6"
"SYNGO:presyn_proteasome","PSMA7"
"SYNGO:presyn_proteasome","PSMA8"
"SYNGO:presyn_proteasome","PSMB1"
"SYNGO:presyn_proteasome","PSMB10"
"SYNGO:presyn_proteasome","PSMB2"
"SYNGO:presyn_proteasome","PSMB3"
"SYNGO:presyn_proteasome","PSMB4"
"SYNGO:presyn_proteasome","PSMB5"
"SYNGO:presyn_proteasome","PSMB6"
"SYNGO:presyn_proteasome","PSMB7"
"SYNGO:presyn_proteasome","PSMB8"
"SYNGO:presyn_proteasome","PSMB9"
"SYNGO:presyn_proteasome","PSMC1"
"SYNGO:presyn_proteasome","PSMC2"
"SYNGO:presyn_proteasome","PSMC3"
"SYNGO:presyn_proteasome","PSMC4"
"SYNGO:presyn_proteasome","PSMC5"
"SYNGO:presyn_proteasome","PSMC6"
"SYNGO:presyn_proteasome","PSMD1"
"SYNGO:presyn_proteasome","PSMD10"
"SYNGO:presyn_proteasome","PSMD11"
"SYNGO:presyn_proteasome","PSMD12"
"SYNGO:presyn_proteasome","PSMD13"
"SYNGO:presyn_proteasome","PSMD14"
"SYNGO:presyn_proteasome","PSMD2"
"SYNGO:presyn_proteasome","PSMD3"
"SYNGO:presyn_proteasome","PSMD4"
"SYNGO:presyn_proteasome","PSMD5"
"SYNGO:presyn_proteasome","PSMD6"
"SYNGO:presyn_proteasome","PSMD7"
"SYNGO:presyn_proteasome","PSMD8"
"SYNGO:presyn_proteasome","PSMD9"
"SYNGO:presyn_proteasome","PSME1"
"SYNGO:presyn_proteasome","PSME2"
"SYNGO:presyn_proteasome","PSME3"
"SYNGO:presyn_proteasome","PSME4"
"SYNGO:presyn_proteasome","PSMF1"
"SYNGO:presyn_proteasome","SEM1"
"SYNGO:presyn_ribosome","FAU"
"SYNGO:presyn_ribosome","RPL10"
"SYNGO:presyn_ribosome","RPL10A"
"SYNGO:presyn_ribosome","RPL10L"
"SYNGO:presyn_ribosome","RPL11"
"SYNGO:presyn_ribosome","RPL12"
"SYNGO:presyn_ribosome","RPL13"
"SYNGO:presyn_ribosome","RPL13A"
"SYNGO:presyn_ribosome","RPL14"
"SYNGO:presyn_ribosome","RPL15"
"SYNGO:presyn_ribosome","RPL17"
"SYNGO:presyn_ribosome","RPL18"
"SYNGO:presyn_ribosome","RPL18A"
"SYNGO:presyn_ribosome","RPL19"
"SYNGO:presyn_ribosome","RPL21"
"SYNGO:presyn_ribosome","RPL22"
"SYNGO:presyn_ribosome","RPL22L1"
"SYNGO:presyn_ribosome","RPL23"
"SYNGO:presyn_ribosome","RPL23A"
"SYNGO:presyn_ribosome","RPL24"
"SYNGO:presyn_ribosome","RPL26"
"SYNGO:presyn_ribosome","RPL26L1"
"SYNGO:presyn_ribosome","RPL27"
"SYNGO:presyn_ribosome","RPL27A"
"SYNGO:presyn_ribosome","RPL28"
"SYNGO:presyn_ribosome","RPL29"
"SYNGO:presyn_ribosome","RPL3"
"SYNGO:presyn_ribosome","RPL30"
"SYNGO:presyn_ribosome","RPL31"
"SYNGO:presyn_ribosome","RPL32"
"SYNGO:presyn_ribosome","RPL34"
"SYNGO:presyn_ribosome","RPL35"
"SYNGO:presyn_ribosome","RPL35A"
"SYNGO:presyn_ribosome","RPL36"
"SYNGO:presyn_ribosome","RPL36A"
"SYNGO:presyn_ribosome","RPL36AL"
"SYNGO:presyn_ribosome","RPL37"
"SYNGO:presyn_ribosome","RPL37A"
"SYNGO:presyn_ribosome","RPL38"
"SYNGO:presyn_ribosome","RPL39"
"SYNGO:presyn_ribosome","RPL39L"
"SYNGO:presyn_ribosome","RPL3L"
"SYNGO:presyn_ribosome","RPL4"
"SYNGO:presyn_ribosome","RPL41"
"SYNGO:presyn_ribosome","RPL5"
"SYNGO:presyn_ribosome","RPL6"
"SYNGO:presyn_ribosome","RPL7"
"SYNGO:presyn_ribosome","RPL7A"
"SYNGO:presyn_ribosome","RPL7L1"
"SYNGO:presyn_ribosome","RPL8"
"SYNGO:presyn_ribosome","RPL9"
"SYNGO:presyn_ribosome","RPLP0"
"SYNGO:presyn_ribosome","RPLP1"
"SYNGO:presyn_ribosome","RPLP2"
"SYNGO:presyn_ribosome","RPS10"
"SYNGO:presyn_ribosome","RPS11"
"SYNGO:presyn_ribosome","RPS12"
"SYNGO:presyn_ribosome","RPS13"
"SYNGO:presyn_ribosome","RPS14"
"SYNGO:presyn_ribosome","RPS15"
"SYNGO:presyn_ribosome","RPS15A"
"SYNGO:presyn_ribosome","RPS16"
"SYNGO:presyn_ribosome","RPS17"
"SYNGO:presyn_ribosome","RPS18"
"SYNGO:presyn_ribosome","RPS19"
"SYNGO:presyn_ribosome","RPS2"
"SYNGO:presyn_ribosome","RPS20"
"SYNGO:presyn_ribosome","RPS21"
"SYNGO:presyn_ribosome","RPS23"
"SYNGO:presyn_ribosome","RPS24"
"SYNGO:presyn_ribosome","RPS25"
"SYNGO:presyn_ribosome","RPS26"
"SYNGO:presyn_ribosome","RPS27"
"SYNGO:presyn_ribosome","RPS27A"
"SYNGO:presyn_ribosome","RPS27L"
"SYNGO:presyn_ribosome","RPS28"
"SYNGO:presyn_ribosome","RPS29"
"SYNGO:presyn_ribosome","RPS3"
"SYNGO:presyn_ribosome","RPS3A"
"SYNGO:presyn_ribosome","RPS4X"
"SYNGO:presyn_ribosome","RPS4Y1"
"SYNGO:presyn_ribosome","RPS4Y2"
"SYNGO:presyn_ribosome","RPS5"
"SYNGO:presyn_ribosome","RPS6"
"SYNGO:presyn_ribosome","RPS7"
"SYNGO:presyn_ribosome","RPS8"
"SYNGO:presyn_ribosome","RPS9"
"SYNGO:presyn_ribosome","RPSA"
"SYNGO:presyn_ribosome","UBA52"
"SYNGO:presyn_ser_membrane","NAPEPLD"
"SYNGO:presyn_ser_membrane_integral","ITPR1"
